Workbook

Sheet 1
A2: Moneda: Euro
A3: PAGAMENT MENSUAL + LIQUIDACIÓ
A4: DEL 01/02/26 AL 28/02/26 | D4: 000002 | E4: 000006 | F4: 000007 | G4: 000010 | H4: 000017 | I4: 000027 | J4: 000028 | K4: 000029 | L4: 000065 | M4: 000073 | N4: 000141 | O4: 000148 | P4: 000152 | Q4: 000163 | R4: 000183 | S4: 000185 | T4: 000231 | U4: 000234 | V4: 000245 | W4: 000255 | X4: 000257 | Y4: 000261 | Z4: 000263 | AA4: 000270 | AB4: 000271 | AC4: 000274 | AD4: 000278 | AE4: 000290 | AF4: 000500 | AG4: 000502 | AH4: 001013 | AI4: 001019 | AJ4: 001021 | AK4: 001023 | AL4: 001032 | AM4: 001056 | AN4: 001057 | AO4: 001059 | AP4: 001060 | AQ4: 001139 | AR4: 010004 | AS4: 010014 | AT4: 010019 | AU4: 010023 | AV4: 010073 | AW4: 010077 | AX4: 010079 | AY4: 100010 | AZ4: 100047 | BA4: 100054 | BB4: 100058 | BC4: 100065 | BD4: 100118 | BE4: 100120 | BF4: 100131 | BG4: 100138 | BH4: 100145 | BI4: 100163 | BJ4: 100180 | BK4: 100183 | BL4: 100218 | BM4: 100222 | BN4: 100247 | BO4: 100248 | BP4: 100251 | BQ4: 100256 | BR4: 100267 | BS4: 100271 | BT4: 100272 | BU4: 100284 | BV4: 100295 | BW4: 100296 | BX4: 100302 | BY4: 100303 | BZ4: 100328 | CA4: 100362 | CB4: 100387 | CC4: 100389 | CD4: 100403 | CE4: 100408 | CF4: 100410 | CG4: 100422 | CH4: 100426 | CI4: 100428 | CJ4: 100429 | CK4: 100430 | CL4: 100431 | CM4: 100433 | CN4: 100477 | CO4: 100479 | CP4: 100484 | CQ4: 100487 | CR4: 100505 | CS4: 100509 | CT4: 100512 | CU4: 100514 | CV4: 100520 | CW4: 100525 | CX4: 100526 | CY4: 100529 | CZ4: 100530 | DA4: 100531 | DB4: 100532 | DC4: 100533 | DD4: 100534 | DE4: 100535 | DF4: 100536 | DG4: 100537 | DH4: 100538 | DI4: 100539 | DJ4: 100540 | DK4: 100541 | DL4: 100542
A5: Empresa: 350-PEIXOS PUIGNAU S.A. NIF: A17216359 | D5: FERNANDEZ | E5: SUCARRAT | F5: GARCIA | G5: VIDAL | H5: CORNELLA | I5: RIBAS | J5: OLMO | K5: CORNELLA | L5: HORTA | M5: RODOVAY | N5: BONET | O5: OLIVERAS | P5: PUIGNAU | Q5: PLAJA | R5: MASDEVALL | S5: PUJOL | T5: CUFFI | U5: ESCOBAR | V5: CALERO | W5: NJENTHIEU | X5: COULIBALY | Y5: DARBOE | Z5: TKEMALADZE | AA5: FOFANA | AB5: BALDEH | AC5: HERNANDEZ | AD5: JALLOW | AE5: CORNELLA | AF5: PUIGNAU | AG5: PUIGNAU | AH5: GUERIN | AI5: CABARROCAS | AJ5: ISAAC | AK5: CEJUDO | AL5: TOURE | AM5: CAMPS | AN5: SAN NICOLAS | AO5: MATEO | AP5: NUALART | AQ5: GANO | AR5: OUEDRAOGO | AS5: CLAVER | AT5: ESPAÑOL | AU5: DOMINGUES | AV5: BLANCO | AW5: LERAT | AX5: OFKIR | AY5: LOPEZ | AZ5: ABDOUL | BA5: MUÑOZ | BB5: DABO | BC5: SOUNKALO | BD5: SELGA | BE5: TEJERO | BF5: BABA | BG5: DRAME | BH5: ROIG | BI5: DIALLO | BJ5: CROUS | BK5: FERNANDEZ | BL5: OMEDES | BM5: DAMIAN | BN5: MBALLO | BO5: MAGIRAGA | BP5: DIARRA | BQ5: GOUEM | BR5: BARBOSA | BS5: LUQUE | BT5: SOLA | BU5: GASSAMA | BV5: CAMARA | BW5: REYES | BX5: MONTIEL | BY5: EL | BZ5: TKEMALADZE | CA5: PUIGNAU | CB5: LLEIXA | CC5: PEREZ | CD5: DUCA | CE5: SILLAH | CF5: AIT | CG5: BARRIOS | CH5: CASADEMONT | CI5: PEDRAZA | CJ5: PIÑAR | CK5: GARCIA | CL5: ANDREOTTI | CM5: MAHAMADOU | CN5: RAMIREZ | CO5: GRACIA | CP5: VALLEJOS | CQ5: SILVA | CR5: BAGUE | CS5: KWAKU | CT5: AKHACHIOU | CU5: OLIVA | CV5: FERNANDEZ | CW5: DIALLO | CX5: DIALLO | CY5: NIMAGA | CZ5: GALEAS | DA5: GOMEZ | DB5: KHOUYAOUI | DC5: SALADELAFONT | DD5: ROGER | DE5: VARGAS | DF5: CEESAY | DG5: REDONDO | DH5: OSORTO | DI5: DIAWARA | DJ5: WAGGEH | DK5: PIJOAN | DL5: AGUILERA
D6: GALVEZ | E6: ORTIZ | F6: HERRERA | G6: RAINS | H6: GENER | I6: SITJA | J6: SERRANO | K6: PUIG | L6: VALLS | M6: GONZALEZ | N6: FABIENNE | O6: CARRERAS | P6: CORNELLA | Q6: MORE | R6: ROCA | S6: TORREDEFLOT | T6: SOT | U6: VALLE | V6: YAÑEZ | W6: GERVAIS | X6: OUMAR | Y6: KARIM | Z6: MIKHEILI | AA6: YAHYA | AB6: MUHAMADOU | AC6: ARQUERO | AD6: YUNUSA | AE6: PONT | AF6: MIAS | AG6: MIAS | AH6: LAURENT | AI6: PEIRO | AJ6: VAZQUEZ | AK6: MARQUEZ | AL6: BOUBACAR | AM6: PONS | AN6: HERNANDEZ | AO6: RAMIREZ | AP6: BOIX | AQ6: DEMBA | AR6: ADAMA | AS6: CLAVERO | AT6: PUBILL | AU6: VERRUGA | AV6: CUENCA | AW6: CERVERA | AX6: YOUSSEF | AY6: GONZALEZ | AZ6: RAHIM | BA6: CABALLERO | BB6: KONATÉ | BC6: DENA | BD6: MOLINE | BE6: RODRIGUEZ | BF6: SOUKOUNA | BG6: FOUSSENY | BH6: MARTIN | BI6: ABDOULLAY | BJ6: SOY | BK6: SABIO | BL6: RIGAU | BM6: VILLEGAS | BN6: MAMADOU | BO6: MOHAMADOU | BP6: INCHY | BQ6: TIDIANE | BR6: SOLE | BS6: NADAL | BT6: SOLE | BU6: BAKARY | BV6: BABA | BW6: GIMENEZ | BX6: MACIAS | BY6: JADDAOUI | BZ6: GIORGI | CA6: I | CB6: PLAJA | CC6: QUILEZ | CD6: GHEORGHE-ROB | CE6: JAMBARA | CF6: OUARAB | CG6: ROPERO | CH6: RIFA | CI6: PASCUAL | CJ6: ILLA | CK6: CABA | CL6: NARDI | CM6: BALDE | CN6: GARBEY | CO6: RETORTILLO | CP6: VILLALBA | CQ6: SILVA | CR6: GARCIA-CONSU | CS6: ASIEDU | CT6: ABDERRAHIM | CU6: ALVAREZ | CV6: FERNANDEZ | CW6: KASSIM | CX6: DIAKITE | CY6: SULAYMANE | CZ6: FERRERA | DA6: RUIZ | DB6: AYOUB | DC6: DIAZ | DD6: I | DE6: AURORA | DF6: SANKAREH | DG6: I | DH6: RODAS | DI6: DJIBRIL | DJ6: MAMADOU | DK6: BUSSOT | DL6: SAMITIER
D7: YOLANDA | E7: DANIEL JOSE | F7: SUSANA | G7: DAVID | H7: GERARD | I7: ELENA | J7: NICOLAS | K7: ANGEL | L7: JUAN | M7: ALBERTO | O7: SERGI | P7: MARC | Q7: EDUARDO | R7: JOAN | S7: JORDI | T7: JORDI | U7: ANTONI | V7: BEATRIZ | AC7: XAVIER | AE7: FRANCESC XAV | AF7: JOSE | AG7: LLIBORI | AH7: GERARD | AI7: ROSA MARIA | AJ7: DANIEL | AK7: FELIPE ELADI | AM7: FRANCESC X | AN7: ALEJANDRO | AO7: EUFEMIO | AP7: CARLA | AS7: EVA | AT7: MERITXELL | AU7: LUDOVICO JOA | AV7: ALBERTO | AW7: JEAN MARIE | AY7: IZAN | AZ7: COMPAORE | BA7: BRIAN | BB7: FODE ASSANE | BD7: JAUME | BE7: DAVID | BF7: MADI | BH7: MONTSERRAT | BJ7: LIDIA | BK7: MARIO | BL7: PAULA | BM7: PAU | BR7: ANNA | BS7: RAUL | BT7: ROBERT | BW7: FRANCISCO | BX7: ALFONSO | BY7: BOUJATTOUY S | CA7: PONT, ORIOL | CB7: JOAN | CC7: ALEXANDRE | CE7: SAIHOU | CF7: LUCIA | CG7: ARIADNA | CH7: ORIOL | CI7: AITANA | CJ7: DAVID | CK7: MARIA TERESA | CL7: MARIA MARCEL | CN7: YORLENIS ORL | CO7: POL | CP7: EDWARD JAIR | CQ7: ANTONIO | CR7: CARLES | CS7: EMMANUEL | CU7: MARIA CARMEN | CV7: BRUNO | CX7: SAIBOU MALIC | CZ7: LORENA MARIS | DA7: SERGIO | DC7: ANNA | DD7: CUBERO, JACO | DE7: JONATAN | DF7: ABOU | DG7: PERTEGAS, GE | DH7: ANA | DK7: LLUIS | DL7: DANIEL
A9: CONCEPTE
B11: 1 | C11: SALARI BASE | D11: 1118.22 | E11: 1217.66 | F11: 81.18 | G11: 1118.22 | H11: 1118.22 | I11: 559.11 | J11: 1217.66 | K11: 410.01 | L11: 1217.66 | M11: 894.58 | N11: 1217.66 | O11: 1217.66 | P11: 1635.41 | Q11: 1118.22 | R11: 1433.47 | S11: 1217.66 | T11: 454.28 | U11: 1217.66 | V11: 1118.22 | W11: 1051.32 | X11: 1118.22 | Y11: 1051.32 | Z11: 1118.22 | AA11: 1217.66 | AB11: 770.97 | AC11: 857.3 | AD11: 1118.22 | AE11: 1217.66 | AF11: 1635.41 | AG11: 1635.41 | AH11: 1217.66 | AI11: 1051.32 | AJ11: 1217.66 | AK11: 40.59 | AM11: 1514.28 | AN11: 1051.32 | AO11: 1217.66 | AP11: 1217.66 | AQ11: 1217.66 | AR11: 735.92 | AS11: 1217.66 | AT11: 1118.22 | AU11: 1051.32 | AV11: 1514.28 | AW11: 1217.66 | AX11: 931.85 | AY11: 1118.22 | AZ11: 1051.32 | BA11: 1217.66 | BC11: 1051.32 | BD11: 838.67 | BE11: 1217.66 | BG11: 1051.32 | BH11: 1118.22 | BI11: 1051.32 | BJ11: 1051.32 | BK11: 1217.66 | BL11: 1433.47 | BM11: 1433.47 | BN11: 1051.32 | BO11: 1051.32 | BP11: 876.1 | BQ11: 1051.32 | BR11: 1118.22 | BS11: 1217.66 | BT11: 1514.28 | BU11: 1051.32 | BV11: 700.88 | BW11: 1118.22 | BX11: 1217.66 | BY11: 1118.22 | BZ11: 1118.22 | CA11: 1217.66 | CB11: 1433.47 | CC11: 1217.66 | CD11: 1118.22 | CE11: 1051.32 | CF11: 1051.32 | CG11: 1051.32 | CH11: 1433.47 | CI11: 1051.32 | CJ11: 1051.32 | CK11: 1051.32 | CL11: 1051.32 | CM11: 1051.32 | CN11: 1051.32 | CO11: 35.04 | CP11: 1051.32 | CQ11: 649.43 | CR11: 1051.32 | CS11: 1051.32 | CT11: 946.19 | CU11: 1051.32 | CV11: 1051.32 | CW11: 1051.32 | CX11: 514.4 | CY11: 1051.32 | CZ11: 788.49 | DA11: 1118.22 | DB11: 1118.22 | DC11: 1051.32 | DD11: 1514.28 | DE11: 820.03 | DF11: 665.84 | DG11: 820.03 | DH11: 700.88 | DI11: 665.84 | DJ11: 665.84 | DK11: 447.29 | DL11: 121.77
B12: 13 | C12: OBERTURA NOVA BOTIGA | D12: 80
B13: 74 | C13: PRESENCIA I IMATGE | D13: 34.07 | E13: 34.07 | F13: 2.27 | G13: 34.07 | H13: 34.07 | I13: 34.07 | J13: 34.07 | K13: 12.49 | L13: 34.07 | M13: 27.26 | N13: 34.07 | O13: 34.07 | P13: 34.07 | Q13: 34.07 | R13: 34.07 | S13: 34.07 | T13: 34.07 | U13: 34.07 | V13: 34.07 | W13: 34.07 | X13: 34.07 | Y13: 34.07 | Z13: 34.07 | AA13: 34.07 | AB13: 24.98 | AC13: 26.12 | AD13: 34.07 | AE13: 34.07 | AF13: 34.07 | AG13: 34.07 | AH13: 34.07 | AI13: 34.07 | AJ13: 34.07 | AK13: 1.14 | AM13: 34.07 | AN13: 34.07 | AO13: 34.07 | AP13: 34.07 | AQ13: 34.07 | AR13: 23.85 | AS13: 34.07 | AT13: 34.07 | AU13: 34.07 | AV13: 34.07 | AW13: 34.07 | AX13: 28.39 | AY13: 34.07 | AZ13: 34.07 | BA13: 34.07 | BC13: 34.07 | BD13: 34.07 | BE13: 34.07 | BG13: 34.07 | BH13: 34.07 | BI13: 34.07 | BJ13: 34.07 | BK13: 34.07 | BL13: 34.07 | BM13: 34.07 | BN13: 34.07 | BO13: 34.07 | BP13: 28.39 | BQ13: 34.07 | BR13: 34.07 | BS13: 34.07 | BT13: 34.07 | BU13: 34.07 | BV13: 22.71 | BW13: 34.07 | BX13: 34.07 | BY13: 34.07 | BZ13: 34.07 | CA13: 34.07 | CB13: 34.07 | CC13: 34.07 | CD13: 34.07 | CE13: 34.07 | CF13: 34.07 | CG13: 34.07 | CH13: 34.07 | CI13: 34.07 | CJ13: 34.07 | CK13: 34.07 | CL13: 34.07 | CM13: 34.07 | CN13: 34.07 | CO13: 1.14 | CP13: 34.07 | CR13: 34.07 | CS13: 34.07 | CT13: 30.66 | CU13: 34.07 | CV13: 34.07 | CW13: 34.07 | CY13: 34.07 | CZ13: 34.07 | DA13: 34.07 | DB13: 34.07 | DC13: 34.07 | DD13: 34.07 | DE13: 24.98 | DF13: 21.58 | DG13: 24.98 | DH13: 22.71 | DI13: 21.58 | DJ13: 21.58 | DK13: 13.63 | DL13: 3.41
B14: 75 | C14: PLUS PERILLOSITAT | AK14: 8.21 | AN14: 217.62 | AZ14: 400 | BW14: 200 | BX14: 217.62 | CC14: 251.52 | CN14: 363.98
B15: 84 | C15: PLUS UTILITZ I MANT.MÀQU | AK15: 0.72 | AN15: 21.53 | AZ15: 21.53 | BK15: 21.53 | CC15: 21.53 | CN15: 21.53
B16: 85 | C16: PLUS RESPONSABILITAT | I16: 80 | W16: 150 | X16: 200 | Y16: 100 | AC16: 150 | AJ16: 350 | AM16: 1000 | AO16: 100 | AQ16: 133.33 | AR16: 80.5 | AY16: 150 | AZ16: 150 | BG16: 225 | BQ16: 100 | CC16: 420 | CT16: 100 | CW16: 100
B17: 93 | C17: PLUS DISPONIBILITAT | F17: 5.07 | AP17: 88.74 | AQ17: 112 | BL17: 114.4 | BM17: 133.33 | BS17: 80 | BT17: 216.67 | CB17: 150 | CC17: 93.33
B18: 113 | C18: REGULARITZACIO | R18: 153.46 | T18: 27 | AA18: 125 | AJ18: 191.71 | AO18: 250 | AP18: 150 | AQ18: 166.67 | BJ18: 125 | BK18: 166.66 | BS18: 183.33 | CL18: 100
B19: 123 | C19: ACCIDENT CONVENI | D19: 0.77 | E19: 0.77 | F19: 0.77 | G19: 0.77 | H19: 0.77 | I19: 0.77 | J19: 0.77 | K19: 0.77 | L19: 0.77 | M19: 0.62 | N19: 0.77 | O19: 0.77 | P19: 0.77 | Q19: 0.77 | R19: 0.77 | S19: 0.77 | T19: 0.77 | U19: 0.77 | V19: 0.77 | W19: 0.77 | X19: 0.77 | Y19: 0.77 | Z19: 0.77 | AA19: 0.77 | AB19: 0.56 | AC19: 0.59 | AD19: 0.77 | AE19: 0.77 | AH19: 0.77 | AI19: 0.77 | AJ19: 0.77 | AK19: 0.13 | AM19: 0.77 | AN19: 0.77 | AO19: 0.77 | AP19: 0.77 | AQ19: 0.77 | AR19: 0.54 | AS19: 0.77 | AT19: 0.77 | AU19: 0.77 | AV19: 0.77 | AW19: 0.77 | AX19: 0.64 | AY19: 0.77 | AZ19: 0.77 | BA19: 0.77 | BC19: 0.77 | BD19: 0.77 | BE19: 0.77 | BG19: 0.77 | BH19: 0.77 | BI19: 0.77 | BJ19: 0.77 | BK19: 0.77 | BL19: 0.77 | BM19: 0.77 | BN19: 0.77 | BO19: 0.77 | BP19: 0.64 | BQ19: 0.77 | BR19: 0.77 | BS19: 0.77 | BT19: 0.77 | BU19: 0.77 | BV19: 0.51 | BW19: 0.77 | BX19: 0.77 | BY19: 0.77 | BZ19: 0.77 | CA19: 74.46 | CB19: 0.77 | CC19: 0.77 | CD19: 0.77 | CE19: 0.77 | CF19: 0.77 | CG19: 0.77 | CH19: 0.77 | CI19: 0.77 | CJ19: 0.77 | CK19: 0.77 | CL19: 0.77 | CM19: 0.77 | CN19: 0.77 | CO19: 0.03 | CP19: 0.77 | CR19: 0.77 | CS19: 0.77 | CT19: 0.69 | CU19: 0.77 | CV19: 0.77 | CW19: 0.77 | CY19: 0.77 | CZ19: 0.77 | DA19: 0.77 | DB19: 0.77 | DC19: 0.77 | DD19: 0.77 | DE19: 0.72 | DF19: 0.77 | DG19: 0.77 | DH19: 0.77 | DI19: 0.77 | DJ19: 0.77 | DK19: 0.77 | DL19: 0.77
B20: 131 | C20: MILLORA SALARIAL ABSORBI | D20: 282.22 | H20: 78.28 | I20: 12.61 | O20: 174.67 | P20: 1116.87 | Q20: 28.07 | R20: 1181.86 | Z20: 25.22 | AC20: 19.34 | AF20: 1081.72 | AM20: 2108.62 | AQ20: 549.44 | AS20: 741.34 | AT20: 120.44 | AV20: 2588 | AY20: 36.43 | BE20: 591.34 | BT20: 2412.78 | DD20: 2028.31
B21: 152 | C21: VEHICLE | AG21: 579.58
B22: 171 | C22: MILLORA VOLUNTARIA ABSOR | CB22: 946.44
B23: 173 | C23: PP PAGA ESTIU | D23: 93.18 | E23: 101.47 | F23: 6.76 | G23: 93.18 | H23: 93.18 | I23: 46.59 | J23: 101.47 | K23: 34.17 | L23: 101.47 | M23: 74.55 | N23: 101.47 | O23: 101.47 | P23: 136.28 | Q23: 93.18 | R23: 119.45 | S23: 101.47 | T23: 37.86 | U23: 101.47 | V23: 93.18 | W23: 87.61 | X23: 93.18 | Y23: 87.61 | Z23: 93.18 | AA23: 101.47 | AB23: 64.24 | AC23: 71.44 | AD23: 93.18 | AE23: 101.47 | AF23: 136.28 | AG23: 136.28 | AH23: 101.47 | AI23: 87.61 | AJ23: 101.47 | AK23: 3.38 | AM23: 126.18 | AN23: 87.61 | AO23: 101.47 | AP23: 101.47 | AQ23: 101.47 | AR23: 61.32 | AS23: 101.47 | AT23: 93.18 | AU23: 87.61 | AV23: 126.18 | AW23: 101.47 | AX23: 77.65 | AY23: 93.18 | AZ23: 87.61 | BA23: 101.47 | BC23: 87.61 | BD23: 69.89 | BE23: 101.47 | BG23: 87.61 | BH23: 93.18 | BI23: 87.61 | BJ23: 87.61 | BK23: 101.47 | BL23: 119.45 | BM23: 119.45 | BN23: 87.61 | BO23: 87.61 | BP23: 73.01 | BQ23: 87.61 | BR23: 93.18 | BS23: 101.47 | BT23: 126.18 | BU23: 87.61 | BV23: 58.4 | BW23: 93.18 | BX23: 101.47 | BY23: 93.18 | BZ23: 93.18 | CA23: 101.47 | CB23: 119.45 | CC23: 101.47 | CD23: 93.18 | CE23: 87.61 | CF23: 87.61 | CG23: 87.61 | CH23: 119.45 | CI23: 87.61 | CJ23: 87.61 | CK23: 87.61 | CL23: 87.61 | CM23: 87.61 | CN23: 87.61 | CO23: 2.92 | CP23: 87.61 | CR23: 87.61 | CS23: 87.61 | CT23: 78.85 | CU23: 87.61 | CV23: 87.61 | CW23: 87.61 | CY23: 87.61 | CZ23: 65.7 | DA23: 93.18 | DB23: 93.18 | DC23: 87.61 | DD23: 126.18 | DE23: 68.33 | DF23: 55.48 | DG23: 68.33 | DH23: 58.4 | DI23: 55.48 | DJ23: 55.48 | DK23: 37.27 | DL23: 10.15
B24: 174 | C24: PP PAGA NADAL | D24: 93.18 | E24: 101.47 | F24: 6.76 | G24: 93.18 | H24: 93.18 | I24: 46.59 | J24: 101.47 | K24: 34.17 | L24: 101.47 | M24: 74.55 | N24: 101.47 | O24: 101.47 | P24: 136.28 | Q24: 93.18 | R24: 119.45 | S24: 101.47 | T24: 37.86 | U24: 101.47 | V24: 93.18 | W24: 87.61 | X24: 93.18 | Y24: 87.61 | Z24: 93.18 | AA24: 101.47 | AB24: 64.24 | AC24: 71.44 | AD24: 93.18 | AE24: 101.47 | AF24: 136.28 | AG24: 136.28 | AH24: 101.47 | AI24: 87.61 | AJ24: 101.47 | AK24: 3.38 | AM24: 126.18 | AN24: 87.61 | AO24: 101.47 | AP24: 101.47 | AQ24: 101.47 | AR24: 61.32 | AS24: 101.47 | AT24: 93.18 | AU24: 87.61 | AV24: 126.18 | AW24: 101.47 | AX24: 77.65 | AY24: 93.18 | AZ24: 87.61 | BA24: 101.47 | BC24: 87.61 | BD24: 69.89 | BE24: 101.47 | BG24: 87.61 | BH24: 93.18 | BI24: 87.61 | BJ24: 87.61 | BK24: 101.47 | BL24: 119.45 | BM24: 119.45 | BN24: 87.61 | BO24: 87.61 | BP24: 73.01 | BQ24: 87.61 | BR24: 93.18 | BS24: 101.47 | BT24: 126.18 | BU24: 87.61 | BV24: 58.4 | BW24: 93.18 | BX24: 101.47 | BY24: 93.18 | BZ24: 93.18 | CA24: 101.47 | CB24: 119.45 | CC24: 101.47 | CD24: 93.18 | CE24: 87.61 | CF24: 87.61 | CG24: 87.61 | CH24: 119.45 | CI24: 87.61 | CJ24: 87.61 | CK24: 87.61 | CL24: 87.61 | CM24: 87.61 | CN24: 87.61 | CO24: 2.92 | CP24: 87.61 | CR24: 87.61 | CS24: 87.61 | CT24: 78.85 | CU24: 87.61 | CV24: 87.61 | CW24: 87.61 | CY24: 87.61 | CZ24: 65.7 | DA24: 93.18 | DB24: 93.18 | DC24: 87.61 | DD24: 126.18 | DE24: 68.33 | DF24: 55.48 | DG24: 68.33 | DH24: 58.4 | DI24: 55.48 | DJ24: 55.48 | DK24: 37.27 | DL24: 10.15
B25: 175 | C25: PP PAGA BENEFICIS | D25: 93.18 | E25: 101.47 | F25: 6.76 | G25: 93.18 | H25: 93.18 | I25: 46.59 | J25: 101.47 | K25: 34.17 | L25: 101.47 | M25: 74.55 | N25: 101.47 | O25: 101.47 | P25: 136.28 | Q25: 93.18 | R25: 119.45 | S25: 101.47 | T25: 37.86 | U25: 101.47 | V25: 93.18 | W25: 87.61 | X25: 93.18 | Y25: 87.61 | Z25: 93.18 | AA25: 101.47 | AB25: 64.24 | AC25: 71.44 | AD25: 93.18 | AE25: 101.47 | AF25: 136.28 | AG25: 136.28 | AH25: 101.47 | AI25: 87.61 | AJ25: 101.47 | AK25: 3.38 | AM25: 126.18 | AN25: 87.61 | AO25: 101.47 | AP25: 101.47 | AQ25: 101.47 | AR25: 61.32 | AS25: 101.47 | AT25: 93.18 | AU25: 87.61 | AV25: 126.18 | AW25: 101.47 | AX25: 77.65 | AY25: 93.18 | AZ25: 87.61 | BA25: 101.47 | BC25: 87.61 | BD25: 69.89 | BE25: 101.47 | BG25: 87.61 | BH25: 93.18 | BI25: 87.61 | BJ25: 87.61 | BK25: 101.47 | BL25: 119.45 | BM25: 119.45 | BN25: 87.61 | BO25: 87.61 | BP25: 73.01 | BQ25: 87.61 | BR25: 93.18 | BS25: 101.47 | BT25: 126.18 | BU25: 87.61 | BV25: 58.4 | BW25: 93.18 | BX25: 101.47 | BY25: 93.18 | BZ25: 93.18 | CA25: 101.47 | CB25: 119.45 | CC25: 101.47 | CD25: 93.18 | CE25: 87.61 | CF25: 87.61 | CG25: 87.61 | CH25: 119.45 | CI25: 87.61 | CJ25: 87.61 | CK25: 87.61 | CL25: 87.61 | CM25: 87.61 | CN25: 87.61 | CO25: 2.92 | CP25: 87.61 | CR25: 87.61 | CS25: 87.61 | CT25: 78.85 | CU25: 87.61 | CV25: 87.61 | CW25: 87.61 | CY25: 87.61 | CZ25: 65.7 | DA25: 93.18 | DB25: 93.18 | DC25: 87.61 | DD25: 126.18 | DE25: 68.33 | DF25: 55.48 | DG25: 68.33 | DH25: 58.4 | DI25: 55.48 | DJ25: 55.48 | DK25: 37.27 | DL25: 10.15
B26: 187 | C26: PLUS NOCTURNITAT | D26: 55.6 | F26: 6.6 | G26: 0.29 | H26: 16.28 | J26: 1301.47 | K26: 21.74 | M26: 0.29 | Q26: 2.86 | W26: 63.76 | X26: 15.29 | Y26: 281.45 | AA26: 300 | AB26: 366.67 | AC26: 18.33 | AD26: 1.17 | AI26: 145.88 | AJ26: 250 | AK26: 3.5 | AN26: 92.91 | AQ26: 383.33 | AU26: 200 | AX26: 0.81 | AY26: 22.29 | BC26: 26.95 | BG26: 30.32 | BN26: 26.44 | BP26: 286.73 | BQ26: 15.4 | BS26: 100 | BU26: 60.24 | BW26: 136.22 | BX26: 145.2 | BY26: 0.84 | BZ26: 1.5 | CC26: 250 | CD26: 10.3 | CE26: 0.84 | CF26: 200 | CG26: 0.18 | CJ26: 4.69 | CK26: 4.47 | CL26: 2.82 | CN26: 289.23 | CR26: 0.07 | CS26: 4.55 | CT26: 241.56 | CU26: 4.03 | CW26: 258.68 | CY26: 11.22 | DA26: 19.98 | DB26: 1.39
B27: 197 | C27: A CTE CONVENI | D27: 142.31 | F27: 10.7 | G27: 510.13 | H27: 444.35 | I27: 415.97 | K27: 187.05 | M27: 173.57 | O27: 660.84 | P27: 195.18 | Q27: 314.27 | R27: 2328.51 | T27: 27.07 | V27: 828.46 | X27: 260.13 | Y27: 244.06 | Z27: 234.91 | AA27: 412.55 | AB27: 334.81 | AC27: 399.73 | AD27: 160.13 | AE27: 185.51 | AG27: 61.85 | AH27: 168.84 | AJ27: 235.51 | AK27: 6.67 | AM27: 438.57 | AN27: 304.91 | AO27: 985.51 | AP27: 746.77 | AQ27: 540.74 | AR27: 125.34 | AS27: 510.83 | AT27: 539.69 | AU27: 443.76 | AV27: 375.85 | AW27: 635.51 | AX27: 216.77 | AY27: 323.7 | AZ27: 144.06 | BC27: 94.06 | BE27: 244.17 | BG27: 19.06 | BH27: 426.8 | BJ27: 627.39 | BK27: 813.98 | BL27: 867.47 | BM27: 931.77 | BP27: 78.38 | BR27: 793.46 | BS27: 488.85 | BT27: 209.4 | BU27: 44.06 | BW27: 60.13 | BX27: 71.27 | BY27: 160.13 | BZ27: 110.13 | CA27: 763.99 | CB27: 927 | CC27: 219.13 | CD27: 160.13 | CE27: 244.06 | CF27: 594.06 | CG27: 344.06 | CH27: 1815.1 | CI27: 710.72 | CJ27: 919.06 | CK27: 106.58 | CL27: 206.58 | CM27: 106.58 | CO27: 3.55 | CP27: 106.58 | CU27: 327.41 | CV27: 2.41 | DA27: 60.13 | DB27: 60.13 | DC27: 377.39 | DD27: 1352.2 | DE27: 117.43 | DF27: 91.24 | DG27: 117.43 | DH27: 71.05 | DK27: 104.05 | DL27: 100.22
B28: 199 | C28: PART PROPORCIONAL VACANC | AK28: 1566.07
B29: 229 | C29: COMP NO COMPETENCIA | BM29: 333.33 | BT29: 541.67 | CB29: 375
B30: 262 | C30: OBJECTIU VARIABLE | BH30: 500
B31: 287 | C31: PAGA FIDELITAT | D31: 74.15 | E31: 74.46 | F31: 4.96 | G31: 74.15 | H31: 74.15 | I31: 37.08 | J31: 74.46 | K31: 27.19 | L31: 74.46 | M31: 59.32 | N31: 74.46 | O31: 74.46 | P31: 75.74 | Q31: 74.15 | R31: 75.12 | S31: 74.46 | T31: 22.61 | U31: 74.46 | V31: 74.15 | W31: 73.84 | X31: 74.15 | Y31: 73.84 | Z31: 74.15 | AA31: 74.46 | AB31: 54.15 | AC31: 56.85 | AD31: 74.15 | AE31: 74.46 | AF31: 75.74 | AG31: 75.74 | AH31: 74.46 | AI31: 73.84 | AJ31: 74.46 | AK31: 2.48 | AM31: 75.37 | AN31: 73.84 | AO31: 74.46 | AP31: 74.46 | AQ31: 74.46 | AR31: 51.69 | AS31: 74.46 | AT31: 74.15 | AU31: 73.84 | AV31: 75.37 | AW31: 74.46 | AX31: 61.79 | AY31: 74.15 | AZ31: 73.84 | BA31: 74.46 | BC31: 73.84 | BD31: 55.61 | BE31: 74.46 | BG31: 73.84 | BH31: 74.15 | BI31: 73.84 | BJ31: 73.84 | BK31: 74.46 | BL31: 75.12 | BM31: 75.12 | BN31: 73.84 | BO31: 73.84 | BP31: 61.53 | BQ31: 73.84 | BR31: 74.15 | BS31: 74.46 | BT31: 75.37 | BU31: 73.84 | BV31: 49.23 | BW31: 74.15 | BX31: 74.46 | BY31: 74.15 | BZ31: 74.15 | CA31: 72.29 | CB31: 75.12 | CC31: 74.46 | CD31: 74.15 | CE31: 73.84 | CF31: 73.84 | CG31: 73.84 | CH31: 75.12 | CI31: 73.84 | CJ31: 73.84 | CK31: 73.84 | CL31: 73.84 | CM31: 73.84 | CN31: 73.84 | CO31: 2.46 | CP31: 73.84 | CR31: 73.84 | CS31: 73.84 | CT31: 66.46 | CU31: 73.84 | CV31: 73.84 | CW31: 73.84 | CY31: 73.84 | CZ31: 55.38 | DA31: 74.15 | DB31: 74.15 | DC31: 73.84 | DD31: 75.37 | DE31: 54.38 | DF31: 46.77 | DG31: 54.38 | DH31: 49.23 | DI31: 46.77 | DJ31: 46.77 | DK31: 29.66 | DL31: 7.45
B32: 306 | C32: PLUS DISPONIBILI | AA32: 81.3
B33: 328 | C33: PLUS PRODUCTIV. | W33: 203.65 | Y33: 66.89 | AA33: 396.66 | AE33: 327.82 | AN33: 70.75 | AO33: 463.32 | AZ33: 100.07 | BG33: 337.46 | BP33: 131.88 | BS33: 120 | BW33: 135.73 | BZ33: 118.89 | CC33: 499.99 | CN33: 104.09 | CT33: 80.98 | CY33: 105.39 | DA33: 114.81
B34: 329 | C34: PLUS PRODUCTIV.2 | G34: 26 | H34: 50 | K34: 60 | Y34: 135 | AA34: 160 | AC34: 14 | AD34: 57 | AE34: 50 | AY34: 52 | BC34: 183 | BG34: 178 | BP34: 167 | BQ34: 178 | BU34: 178 | BV34: 242 | BZ34: 58 | CD34: 34 | CS34: 135 | CT34: 171 | CW34: 167 | DA34: 57 | DB34: 55
B35: 332 | C35: PLUS SAL VOLUNTARI | AG35: 2966.48
B36: 365 | C36: COMISSIONS | E36: 1638.71 | L36: 1285.23 | N36: 415.57 | O36: 1159.6 | S36: 1705.07 | U36: 1074.28 | AE36: 314.95 | AH36: 229.41 | AI36: 199.21 | BA36: 1447.37 | BE36: 1289.11 | BJ36: 533.49 | BL36: 19.33
B37: 397 | C37: PLUS DISTANCIA | D37: 33.12 | E37: 33.12 | F37: 2.21 | G37: 33.12 | H37: 33.12 | I37: 33.12 | J37: 33.12 | K37: 12.14 | L37: 33.12 | M37: 26.5 | N37: 33.12 | O37: 33.12 | P37: 33.12 | Q37: 33.12 | R37: 33.12 | S37: 33.12 | T37: 33.12 | U37: 33.12 | V37: 33.12 | W37: 33.11 | X37: 33.12 | Y37: 33.11 | Z37: 33.12 | AA37: 33.12 | AB37: 24.28 | AC37: 25.39 | AD37: 33.12 | AE37: 33.12 | AF37: 33.12 | AG37: 33.12 | AH37: 33.12 | AI37: 33.11 | AJ37: 33.12 | AK37: 1.1 | AM37: 33.12 | AN37: 33.11 | AO37: 33.12 | AP37: 33.12 | AQ37: 33.12 | AR37: 23.18 | AS37: 33.12 | AT37: 33.12 | AU37: 33.11 | AV37: 33.12 | AW37: 33.12 | AX37: 27.6 | AY37: 33.12 | AZ37: 33.11 | BA37: 33.12 | BC37: 33.11 | BD37: 33.12 | BE37: 33.12 | BG37: 33.11 | BH37: 33.12 | BI37: 33.11 | BJ37: 33.11 | BK37: 33.12 | BL37: 33.12 | BM37: 33.12 | BN37: 33.11 | BO37: 33.11 | BP37: 27.59 | BQ37: 33.11 | BR37: 33.12 | BS37: 33.12 | BT37: 33.12 | BU37: 33.11 | BV37: 22.07 | BW37: 33.12 | BX37: 33.12 | BY37: 33.12 | BZ37: 33.12 | CA37: 33.12 | CB37: 33.12 | CC37: 33.12 | CD37: 33.12 | CE37: 33.11 | CF37: 33.11 | CG37: 33.11 | CH37: 33.12 | CI37: 33.11 | CJ37: 33.11 | CK37: 33.11 | CL37: 33.11 | CM37: 33.11 | CN37: 33.11 | CO37: 1.1 | CP37: 33.11 | CR37: 33.11 | CS37: 33.11 | CT37: 29.8 | CU37: 33.11 | CV37: 33.11 | CW37: 33.11 | CY37: 33.11 | CZ37: 33.11 | DA37: 33.12 | DB37: 33.12 | DC37: 33.11 | DD37: 33.12 | DE37: 24.29 | DF37: 20.97 | DG37: 24.29 | DH37: 22.07 | DI37: 20.97 | DJ37: 20.97 | DK37: 13.25 | DL37: 3.31
B38: 450 | C38: PREST.MALALTIA CARGO EMP | F38: 489.6 | K38: 508.08 | M38: 35.15 | AC38: 91.56 | CO38: 375
B39: 451 | C39: MALALTIA | F39: 510 | K39: 84.68 | CO39: 429.67
B40: 452 | C40: ACCIDENTE | AK40: 1488.25 | AX40: 135.54 | BB40: 1756.16 | BP40: 140.91
B41: 455 | C41: COMPLEMENT I.T. | F41: 866.37 | K41: 476.05 | M41: 52.68 | AC41: 103.18 | AK41: 376.02 | AX41: 164.47 | BP41: 117.43 | CO41: 537.95
B42: 614 | C42: KM EXEMPT | BT42: 51.87 | CB42: 132.54
B43: 634 | C43: REGULARITZACIO | AI43: 25
B44: 988 | C44: IMP.INGR. A CTA. ESP. CG | AG44: 125.94
A46: TOTAL BRUT | D46: =SUM(D11:D45) -> 2100 | E46: =SUM(E11:E45) -> 3303.2 | F46: =SUM(F11:F45) -> 2000.01 | G46: =SUM(G11:G45) -> 2076.29 | H46: =SUM(H11:H45) -> 2128.78 | I46: =SUM(I11:I45) -> 1312.5 | J46: =SUM(J11:J45) -> 2965.96 | K46: =SUM(K11:K45) -> 1902.71 | ... DL46: =SUM(DL11:DL45) -> 267.38
B48: 703 | C48: EMBARGO SALARIAL | AO48: 405.42 | AY48: 85.61 | BW48: 74.84
B49: 704 | C49: DESCOMPTE PRESTEC 1 | S49: 200 | T49: 222.45 | Z49: 340
B50: 724 | C50: BESTRETA | F50: 75 | W50: 125 | X50: 200 | Y50: 200 | AB50: 625 | AD50: 100 | BJ50: 50 | BP50: 200 | BQ50: 200 | BU50: 300
B51: 725 | C51: Bestreta peix | G51: 200 | O51: 79.9 | S51: 68.81 | T51: 4.13 | V51: 90.19 | AB51: 58.62 | AO51: 98.29 | AU51: 24.26 | BH51: 38.1 | BJ51: 83.68 | BM51: 4.4 | CB51: 26.55 | CG51: 36.56 | CH51: 98.91 | CU51: 137.03 | CZ51: 19.18
B52: 730 | C52: DIFERENCIES NOMINA MES A | AB52: 220.59 | AQ52: -213.26
B53: 789 | C53: DCTO.CONCEPTES EN ESPECI | D53: 0.77 | E53: 0.77 | F53: 0.77 | G53: 0.77 | H53: 0.77 | I53: 0.77 | J53: 0.77 | K53: 0.77 | L53: 0.77 | M53: 0.62 | N53: 0.77 | O53: 0.77 | P53: 0.77 | Q53: 0.77 | R53: 0.77 | S53: 0.77 | T53: 0.77 | U53: 0.77 | V53: 0.77 | W53: 0.77 | X53: 0.77 | Y53: 0.77 | Z53: 0.77 | AA53: 0.77 | AB53: 0.56 | AC53: 0.59 | AD53: 0.77 | AE53: 0.77 | AG53: 579.58 | AH53: 0.77 | AI53: 0.77 | AJ53: 0.77 | AK53: 0.13 | AM53: 0.77 | AN53: 0.77 | AO53: 0.77 | AP53: 0.77 | AQ53: 0.77 | AR53: 0.54 | AS53: 0.77 | AT53: 0.77 | AU53: 0.77 | AV53: 0.77 | AW53: 0.77 | AX53: 0.64 | AY53: 0.77 | AZ53: 0.77 | BA53: 0.77 | BC53: 0.77 | BD53: 0.77 | BE53: 0.77 | BG53: 0.77 | BH53: 0.77 | BI53: 0.77 | BJ53: 0.77 | BK53: 0.77 | BL53: 0.77 | BM53: 0.77 | BN53: 0.77 | BO53: 0.77 | BP53: 0.64 | BQ53: 0.77 | BR53: 0.77 | BS53: 0.77 | BT53: 0.77 | BU53: 0.77 | BV53: 0.51 | BW53: 0.77 | BX53: 0.77 | BY53: 0.77 | BZ53: 0.77 | CA53: 74.46 | CB53: 0.77 | CC53: 0.77 | CD53: 0.77 | CE53: 0.77 | CF53: 0.77 | CG53: 0.77 | CH53: 0.77 | CI53: 0.77 | CJ53: 0.77 | CK53: 0.77 | CL53: 0.77 | CM53: 0.77 | CN53: 0.77 | CO53: 0.03 | CP53: 0.77 | CR53: 0.77 | CS53: 0.77 | CT53: 0.69 | CU53: 0.77 | CV53: 0.77 | CW53: 0.77 | CY53: 0.77 | CZ53: 0.77 | DA53: 0.77 | DB53: 0.77 | DC53: 0.77 | DD53: 0.77 | DE53: 0.72 | DF53: 0.77 | DG53: 0.77 | DH53: 0.77 | DI53: 0.77 | DJ53: 0.77 | DK53: 0.77 | DL53: 0.77
B54: 989 | C54: IMP.INGR.A CTA.VALORES E | AG54: 125.94
B55: 995 | C55: COTITZACIO CONT.COMUNS | D55: 101.85 | E55: 160.2 | F55: 98.85 | G55: 100.7 | H55: 103.24 | I55: 63.66 | J55: 143.85 | K55: 105.46 | L55: 143.06 | M55: 85.23 | N55: 100.88 | O55: 177.49 | P55: 169.75 | Q55: 91.43 | R55: 248.36 | S55: 163.42 | T55: 34.56 | U55: 132.83 | V55: 114.86 | W55: 90.86 | X55: 97.74 | Y55: 110.75 | Z55: 87.3 | AA55: 152.29 | AB55: 85.8 | AC55: 112.33 | AD55: 85.27 | AE55: 123.32 | AH55: 100.04 | AI55: 87.35 | AJ55: 130.55 | AK55: 175.82 | AM55: 248.33 | AN55: 104.94 | AO55: 167.97 | AP55: 128.53 | AQ55: 172.18 | AR55: 59.41 | AS55: 141.45 | AT55: 106.7 | AU55: 101.84 | AV55: 242.5 | AW55: 111.55 | AX55: 87.39 | AY55: 103.03 | AZ55: 110.18 | BA55: 150.93 | BB55: 121.66 | BC55: 85.36 | BD55: 26.37 | BE55: 183.77 | BG55: 108.92 | BH55: 119.63 | BI55: 70.61 | BJ55: 132.98 | BK55: 129.33 | BL55: 142.4 | BM55: 161.67 | BN55: 71.89 | BO55: 70.61 | BP55: 106.24 | BQ55: 84.84 | BR55: 113.17 | BS55: 127.88 | BT55: 248.01 | BU55: 84.31 | BV55: 58.81 | BW55: 100.49 | BX55: 101.78 | BY55: 82.49 | BZ55: 88.67 | CA55: 121.25 | CB55: 210.17 | CC55: 165.87 | CD55: 84.6 | CE55: 82.49 | CF55: 109.13 | CG55: 87.31 | CH55: 181.88 | CI55: 105.08 | CJ55: 115.42 | CK55: 76 | CL55: 85.62 | CM55: 75.78 | CN55: 108.38 | CO55: 75.77 | CP55: 75.78 | CQ55: 0.56 | CR55: 70.61 | CS55: 77.38 | CT55: 102.2 | CU55: 86.69 | CV55: 70.73 | CW55: 96.11 | CX55: 0.56 | CY55: 76.27 | CZ55: 53.78 | DA55: 86.9 | DB55: 80.33 | DC55: 88.92 | DD55: 248.01 | DE55: 65.97 | DF55: 49.16 | DG55: 60.47 | DH55: 50.53 | DI55: 45.2 | DJ55: 45.2 | DK55: 34.94 | DL55: 12.97
B56: 996 | C56: COTITZACIO FORMACIO PROF | D56: 2.1 | E56: 3.3 | F56: 2.04 | G56: 2.08 | H56: 2.13 | I56: 1.31 | J56: 2.97 | K56: 2.17 | L56: 2.95 | M56: 1.76 | N56: 2.08 | O56: 3.66 | P56: 3.5 | Q56: 1.89 | R56: 5.1 | S56: 3.37 | T56: 0.71 | U56: 2.74 | V56: 2.37 | W56: 1.87 | X56: 2.02 | Y56: 2.28 | Z56: 1.8 | AA56: 3.14 | AB56: 1.77 | AC56: 2.32 | AD56: 1.76 | AE56: 2.54 | AH56: 2.06 | AI56: 1.8 | AJ56: 2.69 | AK56: 27.9 | AM56: 5.1 | AN56: 2.16 | AO56: 3.46 | AP56: 2.65 | AQ56: 3.55 | AR56: 1.22 | AS56: 2.92 | AT56: 2.2 | AU56: 2.1 | AV56: 5 | AW56: 2.3 | AX56: 1.8 | AY56: 2.12 | AZ56: 2.27 | BA56: 3.11 | BB56: 2.51 | BC56: 1.76 | BE56: 3.79 | BG56: 2.25 | BH56: 2.47 | BI56: 1.46 | BJ56: 2.74 | BK56: 2.67 | BL56: 2.94 | BM56: 3.33 | BN56: 1.48 | BO56: 1.46 | BP56: 2.19 | BQ56: 1.75 | BR56: 2.33 | BS56: 2.64 | BT56: 5.1 | BU56: 1.74 | BV56: 1.21 | BW56: 2.07 | BX56: 2.1 | BY56: 1.7 | BZ56: 1.83 | CA56: 2.5 | CB56: 4.33 | CC56: 3.42 | CD56: 1.74 | CE56: 1.7 | CF56: 2.25 | CG56: 1.8 | CH56: 3.75 | CI56: 2.17 | CJ56: 2.38 | CK56: 1.57 | CL56: 1.77 | CM56: 1.56 | CN56: 2.23 | CO56: 1.56 | CP56: 1.56 | CR56: 1.46 | CS56: 1.6 | CT56: 2.11 | CU56: 1.79 | CV56: 1.46 | CW56: 1.98 | CY56: 1.57 | CZ56: 1.11 | DA56: 1.79 | DB56: 1.66 | DC56: 1.83 | DD56: 5.1 | DE56: 1.36 | DF56: 1.01 | DG56: 1.25 | DH56: 1.04 | DI56: 0.93 | DJ56: 0.93 | DK56: 0.72 | DL56: 0.27
B57: 997 | C57: COTITZACIO ATUR | D57: 32.55 | E57: 51.2 | F57: 31.59 | G57: 32.18 | H57: 33 | I57: 20.34 | J57: 45.97 | K57: 33.71 | L57: 45.72 | M57: 27.24 | N57: 32.24 | O57: 56.72 | P57: 54.25 | Q57: 29.22 | R57: 79.07 | S57: 52.23 | T57: 11.04 | U57: 42.45 | V57: 36.71 | W57: 29.04 | X57: 31.24 | Y57: 35.39 | Z57: 27.9 | AA57: 48.67 | AB57: 27.42 | AC57: 35.9 | AD57: 27.25 | AE57: 39.41 | AH57: 31.97 | AI57: 27.92 | AJ57: 41.72 | AK57: 31.91 | AM57: 79.07 | AN57: 33.54 | AO57: 53.68 | AP57: 41.08 | AQ57: 55.03 | AR57: 18.99 | AS57: 45.21 | AT57: 34.1 | AU57: 32.55 | AV57: 77.5 | AW57: 35.65 | AX57: 27.93 | AY57: 32.93 | AZ57: 35.21 | BA57: 48.23 | BB57: 38.88 | BC57: 27.28 | BE57: 58.73 | BG57: 34.81 | BH57: 38.23 | BI57: 22.57 | BJ57: 42.5 | BK57: 41.33 | BL57: 45.51 | BM57: 51.67 | BN57: 22.98 | BO57: 22.57 | BP57: 33.95 | BQ57: 27.11 | BR57: 36.17 | BS57: 40.87 | BT57: 79.07 | BU57: 26.94 | BV57: 18.8 | BW57: 32.12 | BX57: 32.53 | BY57: 26.36 | BZ57: 28.34 | CA57: 38.75 | CB57: 67.17 | CC57: 53.01 | CD57: 27.04 | CE57: 26.36 | CF57: 34.88 | CG57: 27.9 | CH57: 58.13 | CI57: 33.58 | CJ57: 36.89 | CK57: 24.29 | CL57: 27.36 | CM57: 24.22 | CN57: 34.64 | CO57: 24.22 | CP57: 24.22 | CR57: 22.57 | CS57: 24.73 | CT57: 32.66 | CU57: 27.7 | CV57: 22.6 | CW57: 30.72 | CY57: 24.37 | CZ57: 17.19 | DA57: 27.77 | DB57: 25.67 | DC57: 28.42 | DD57: 79.07 | DE57: 21.08 | DF57: 15.71 | DG57: 19.33 | DH57: 16.15 | DI57: 14.44 | DJ57: 14.44 | DK57: 11.17 | DL57: 4.14
B58: 999 | C58: TRIBUTACIO I.R.P.F. | D58: 276.89 | E58: 405.87 | F58: 297.29 | G58: 263.8 | H58: 280.9 | I58: 196.76 | J58: 679.92 | K58: 231.85 | L58: 333.23 | M58: 152.29 | N58: 230.39 | O58: 599.32 | P58: 717.69 | Q58: 211.8 | R58: 1434.76 | S58: 909.57 | T58: 177.93 | U58: 334.04 | V58: 365.31 | W58: 173.59 | X58: 286.26 | Y58: 367.72 | Z58: 155.09 | AA58: 582.96 | AB58: 300.3 | AC58: 312.62 | AD58: 87.87 | AE58: 397.06 | AF58: 741.39 | AG58: 1133.33 | AH58: 152.59 | AI58: 251.5 | AJ58: 444.01 | AK58: 567.09 | AM58: 1441.42 | AN58: 329.84 | AO58: 571.67 | AP58: 405.86 | AQ58: 646.67 | AR58: 115.71 | AS58: 537.4 | AT58: 324.39 | AU58: 335.83 | AV58: 1220.81 | AW58: 327.41 | AX58: 174.62 | AY58: 318.74 | AZ58: 359.47 | BA58: 424.35 | BB58: 182.64 | BC58: 210.22 | BD58: 117.11 | BE58: 647.43 | BG58: 356.96 | BH58: 295.41 | BI58: 89.2 | BJ58: 402.39 | BK58: 461.2 | BL58: 542.45 | BM58: 660.51 | BN58: 42.23 | BO58: 49.62 | BP58: 329.21 | BQ58: 204.23 | BR58: 337.05 | BS58: 398.02 | BT58: 1364.81 | BU58: 200.33 | BV58: 34.54 | BW58: 305.71 | BX58: 331.45 | BY58: 190.92 | BZ58: 237.41 | CA58: 400.21 | CB58: 1003.42 | CC58: 705.39 | CD58: 207.65 | CE58: 188.37 | CF58: 376.3 | CG58: 229.6 | CH58: 803.09 | CI58: 330.08 | CJ58: 388.72 | CK58: 135.63 | CL58: 85.23 | CM58: 133.84 | CN58: 346.05 | CO58: 119.52 | CP58: 133.84 | CQ58: 12.99 | CR58: 0.73 | CS58: 51.03 | CT58: 250.27 | CU58: 151.15 | CV58: 91.24 | CW58: 271.18 | CX58: 10.29 | CY58: 48.25 | DA58: 180.89 | DB58: 163.08 | DC58: 241.16 | DD58: 1344.22 | DE58: 50.59 | DF58: 75.15 | DG58: 138.07 | DH58: 77.04 | DI58: 55.48 | DJ58: 55.48 | DK58: 91.98 | DL58: 46.74
A60: TOTAL DEDUCCIONS | D60: =SUM(D47:D59) -> 414.16 | E60: =SUM(E47:E59) -> 621.34 | F60: =SUM(F47:F59) -> 505.54 | G60: =SUM(G47:G59) -> 599.53 | H60: =SUM(H47:H59) -> 420.04 | I60: =SUM(I47:I59) -> 282.84 | J60: =SUM(J47:J59) -> 873.48 | K60: =SUM(K47:K59) -> 373.96 | ... DL60: =SUM(DL47:DL59) -> 64.89
A62: TOTAL LIQUID | D62: =(D46-D60) -> 1685.84 | E62: =(E46-E60) -> 2681.86 | F62: =(F46-F60) -> 1494.47 | G62: =(G46-G60) -> 1476.76 | H62: =(H46-H60) -> 1708.74 | I62: =(I46-I60) -> 1029.66 | J62: =(J46-J60) -> 2092.48 | K62: =(K46-K60) -> 1528.75 | ... DL62: =(DL46-DL60) -> 202.49
A63: PRORRATEIG PAGUES EXTRES | D63: 0 | E63: 0 | F63: 0 | G63: 0 | H63: 0 | I63: 0 | J63: 0 | K63: 0 | L63: 0 | M63: 0 | N63: 0 | O63: 0 | P63: 0 | Q63: 0 | R63: 0 | S63: 0 | T63: 0 | U63: 0 | V63: 0 | W63: 0 | X63: 0 | Y63: 0 | Z63: 0 | AA63: 0 | AB63: 0 | AC63: 0 | AD63: 0 | AE63: 0 | AF63: 0 | AG63: 0 | AH63: 0 | AI63: 0 | AJ63: 0 | AK63: 0 | AL63: 0 | AM63: 0 | AN63: 0 | AO63: 0 | AP63: 0 | AQ63: 0 | AR63: 0 | AS63: 0 | AT63: 0 | AU63: 0 | AV63: 0 | AW63: 0 | AX63: 0 | AY63: 0 | AZ63: 0 | BA63: 0 | BB63: 0 | BC63: 0 | BD63: 0 | BE63: 0 | BF63: 0 | BG63: 0 | BH63: 0 | BI63: 0 | BJ63: 0 | BK63: 0 | BL63: 0 | BM63: 0 | BN63: 0 | BO63: 0 | BP63: 0 | BQ63: 0 | BR63: 0 | BS63: 0 | BT63: 0 | BU63: 0 | BV63: 0 | BW63: 0 | BX63: 0 | BY63: 0 | BZ63: 0 | CA63: 0 | CB63: 0 | CC63: 0 | CD63: 0 | CE63: 0 | CF63: 0 | CG63: 0 | CH63: 0 | CI63: 0 | CJ63: 0 | CK63: 0 | CL63: 0 | CM63: 0 | CN63: 0 | CO63: 0 | CP63: 0 | CQ63: 0 | CR63: 0 | CS63: 0 | CT63: 0 | CU63: 0 | CV63: 0 | CW63: 0 | CX63: 0 | CY63: 0 | CZ63: 0 | DA63: 0 | DB63: 0 | DC63: 0 | DD63: 0 | DE63: 0 | DF63: 0 | DG63: 0 | DH63: 0 | DI63: 0 | DJ63: 0 | DK63: 0 | DL63: 0
A64: SEGURETAT SOCIAL EMPRESA | D64: 675.15 | E64: 1116.5 | F64: 178.86 | G64: 701.79 | H64: 719.53 | I64: 421.98 | J64: 1107.78 | K64: 650.34 | L64: 997.02 | M64: 593.96 | N64: 703.06 | O64: 1236.95 | P64: 1183 | Q64: 637.15 | R64: 1728.97 | S64: 1138.92 | T64: 240.83 | U64: 925.7 | V64: 761.43 | W64: 633.19 | X64: 681.17 | Y64: 771.78 | Z64: 672.3 | AA64: 1061.32 | AB64: 826.48 | AC64: 865 | AD64: 594.26 | AE64: 949.73 | AF64: 0 | AG64: 0 | AH64: 697.22 | AI64: 579.03 | AJ64: 909.8 | AK64: -614.23 | AL64: 635.68 | AM64: 1644.65 | AN64: 731.32 | AO64: 1170.61 | AP64: 851.97 | AQ64: 1199.9 | AR64: 623.9 | AS64: 937.7 | AT64: 707.3 | AU64: 709.7 | AV64: 1690 | AW64: 777.4 | AX64: 473.55 | AY64: 718 | AZ64: 767.79 | BA64: 1051.81 | BB64: -908.24 | BC64: 594.87 | BD64: 134.18 | BE64: 1280.71 | BF64: 711.33 | BG64: 759.07 | BH64: 833.74 | BI64: 492.09 | BJ64: 926.74 | BK64: 901.33 | BL64: 992.39 | BM64: 1126.66 | BN64: 501.04 | BO64: 492.09 | BP64: 599.45 | BQ64: 591.29 | BR64: 788.66 | BS64: 891.19 | BT64: 1727.23 | BU64: 587.52 | BV64: 622.08 | BW64: 700.3 | BX64: 783.82 | BY64: 574.89 | BZ64: 618 | CA64: 845 | CB64: 1464.67 | CC64: 1155.96 | CD64: 589.57 | CE64: 574.89 | CF64: 760.5 | CG64: 608.45 | CH64: 1267.5 | CI64: 732.33 | CJ64: 804.33 | CK64: 529.63 | CL64: 596.69 | CM64: 528.14 | CN64: 755.35 | CO64: 98.43 | CP64: 528.14 | CQ64: 10.51 | CR64: 117.12 | CS64: 539.26 | CT64: 712.26 | CU64: 604.14 | CV64: 492.93 | CW64: 669.77 | CX64: 10.51 | CY64: 531.52 | CZ64: 374.81 | DA64: 605.63 | DB64: 559.87 | DC64: 619.66 | DD64: 1727.23 | DE64: 459.74 | DF64: 342.61 | DG64: 421.43 | DH64: 352.16 | DI64: 314.95 | DJ64: 314.95 | DK64: 269.09 | DL64: 90.38
A65: SEGURETAT SOC. TREBALLADOR | D65: 136.5 | E65: 214.7 | F65: 132.48 | G65: 134.96 | H65: 138.37 | I65: 85.31 | J65: 192.79 | K65: 141.34 | L65: 191.73 | M65: 114.23 | N65: 135.2 | O65: 237.87 | P65: 227.5 | Q65: 122.54 | R65: 332.53 | S65: 219.02 | T65: 46.31 | U65: 178.02 | V65: 153.94 | W65: 121.77 | X65: 131 | Y65: 148.42 | Z65: 117 | AA65: 204.1 | AB65: 114.99 | AC65: 150.55 | AD65: 114.28 | AE65: 165.27 | AF65: 0 | AG65: 0 | AH65: 134.07 | AI65: 117.07 | AJ65: 174.96 | AK65: 235.63 | AL65: 0 | AM65: 332.5 | AN65: 140.64 | AO65: 225.11 | AP65: 172.26 | AQ65: 230.76 | AR65: 79.62 | AS65: 189.58 | AT65: 143 | AU65: 136.49 | AV65: 325 | AW65: 149.5 | AX65: 117.12 | AY65: 138.08 | AZ65: 147.66 | BA65: 202.27 | BB65: 163.05 | BC65: 114.4 | BD65: 26.37 | BE65: 246.29 | BF65: 0 | BG65: 145.98 | BH65: 160.33 | BI65: 94.64 | BJ65: 178.22 | BK65: 173.33 | BL65: 190.85 | BM65: 216.67 | BN65: 96.35 | BO65: 94.64 | BP65: 142.38 | BQ65: 113.7 | BR65: 151.67 | BS65: 171.39 | BT65: 332.18 | BU65: 112.99 | BV65: 78.82 | BW65: 134.68 | BX65: 136.41 | BY65: 110.55 | BZ65: 118.84 | CA65: 162.5 | CB65: 281.67 | CC65: 222.3 | CD65: 113.38 | CE65: 110.55 | CF65: 146.26 | CG65: 117.01 | CH65: 243.76 | CI65: 140.83 | CJ65: 154.69 | CK65: 101.86 | CL65: 114.75 | CM65: 101.56 | CN65: 145.25 | CO65: 101.55 | CP65: 101.56 | CQ65: 0.56 | CR65: 94.64 | CS65: 103.71 | CT65: 136.97 | CU65: 116.18 | CV65: 94.79 | CW65: 128.81 | CX65: 0.56 | CY65: 102.21 | CZ65: 72.08 | DA65: 116.46 | DB65: 107.66 | DC65: 119.17 | DD65: 332.18 | DE65: 88.41 | DF65: 65.88 | DG65: 81.05 | DH65: 67.72 | DI65: 60.57 | DJ65: 60.57 | DK65: 46.83 | DL65: 17.38
A66: SEGURETAT SOC. TOTAL | D66: 811.65 | E66: 1331.2 | F66: 311.34 | G66: 836.75 | H66: 857.9 | I66: 507.29 | J66: 1300.57 | K66: 791.68 | L66: 1188.75 | M66: 708.19 | N66: 838.26 | O66: 1474.82 | P66: 1410.5 | Q66: 759.69 | R66: 2061.5 | S66: 1357.94 | T66: 287.14 | U66: 1103.72 | V66: 915.37 | W66: 754.96 | X66: 812.17 | Y66: 920.2 | Z66: 789.3 | AA66: 1265.42 | AB66: 941.47 | AC66: 1015.55 | AD66: 708.54 | AE66: 1115 | AF66: 0 | AG66: 0 | AH66: 831.29 | AI66: 696.1 | AJ66: 1084.76 | AK66: -378.6 | AL66: 635.68 | AM66: 1977.15 | AN66: 871.96 | AO66: 1395.72 | AP66: 1024.23 | AQ66: 1430.66 | AR66: 703.52 | AS66: 1127.28 | AT66: 850.3 | AU66: 846.19 | AV66: 2015 | AW66: 926.9 | AX66: 590.67 | AY66: 856.08 | AZ66: 915.45 | BA66: 1254.08 | BB66: -745.19 | BC66: 709.27 | BD66: 160.55 | BE66: 1527 | BF66: 711.33 | BG66: 905.05 | BH66: 994.07 | BI66: 586.73 | BJ66: 1104.96 | BK66: 1074.66 | BL66: 1183.24 | BM66: 1343.33 | BN66: 597.39 | BO66: 586.73 | BP66: 741.83 | BQ66: 704.99 | BR66: 940.33 | BS66: 1062.58 | BT66: 2059.41 | BU66: 700.51 | BV66: 700.9 | BW66: 834.98 | BX66: 920.23 | BY66: 685.44 | BZ66: 736.84 | CA66: 1007.5 | CB66: 1746.34 | CC66: 1378.26 | CD66: 702.95 | CE66: 685.44 | CF66: 906.76 | CG66: 725.46 | CH66: 1511.26 | CI66: 873.16 | CJ66: 959.02 | CK66: 631.49 | CL66: 711.44 | CM66: 629.7 | CN66: 900.6 | CO66: 199.98 | CP66: 629.7 | CQ66: 11.07 | CR66: 211.76 | CS66: 642.97 | CT66: 849.23 | CU66: 720.32 | CV66: 587.72 | CW66: 798.58 | CX66: 11.07 | CY66: 633.73 | CZ66: 446.89 | DA66: 722.09 | DB66: 667.53 | DC66: 738.83 | DD66: 2059.41 | DE66: 548.15 | DF66: 408.49 | DG66: 502.48 | DH66: 419.88 | DI66: 375.52 | DJ66: 375.52 | DK66: 315.92 | DL66: 107.76
A67: COST COLAB. VOLUNTARIA | D67: 0 | E67: 0 | F67: 0 | G67: 0 | H67: 0 | I67: 0 | J67: 0 | K67: 0 | L67: 0 | M67: 0 | N67: 0 | O67: 0 | P67: 0 | Q67: 0 | R67: 0 | S67: 0 | T67: 0 | U67: 0 | V67: 0 | W67: 0 | X67: 0 | Y67: 0 | Z67: 0 | AA67: 0 | AB67: 0 | AC67: 0 | AD67: 0 | AE67: 0 | AF67: 0 | AG67: 0 | AH67: 0 | AI67: 0 | AJ67: 0 | AK67: 0 | AL67: 0 | AM67: 0 | AN67: 0 | AO67: 0 | AP67: 0 | AQ67: 0 | AR67: 0 | AS67: 0 | AT67: 0 | AU67: 0 | AV67: 0 | AW67: 0 | AX67: 0 | AY67: 0 | AZ67: 0 | BA67: 0 | BB67: 0 | BC67: 0 | BD67: 0 | BE67: 0 | BF67: 0 | BG67: 0 | BH67: 0 | BI67: 0 | BJ67: 0 | BK67: 0 | BL67: 0 | BM67: 0 | BN67: 0 | BO67: 0 | BP67: 0 | BQ67: 0 | BR67: 0 | BS67: 0 | BT67: 0 | BU67: 0 | BV67: 0 | BW67: 0 | BX67: 0 | BY67: 0 | BZ67: 0 | CA67: 0 | CB67: 0 | CC67: 0 | CD67: 0 | CE67: 0 | CF67: 0 | CG67: 0 | CH67: 0 | CI67: 0 | CJ67: 0 | CK67: 0 | CL67: 0 | CM67: 0 | CN67: 0 | CO67: 0 | CP67: 0 | CQ67: 0 | CR67: 0 | CS67: 0 | CT67: 0 | CU67: 0 | CV67: 0 | CW67: 0 | CX67: 0 | CY67: 0 | CZ67: 0 | DA67: 0 | DB67: 0 | DC67: 0 | DD67: 0 | DE67: 0 | DF67: 0 | DG67: 0 | DH67: 0 | DI67: 0 | DJ67: 0 | DK67: 0 | DL67: 0
A68: APORTAC. SERVEIS COMUNS | D68: 0 | E68: 0 | F68: 0 | G68: 0 | H68: 0 | I68: 0 | J68: 0 | K68: 0 | L68: 0 | M68: 0 | N68: 0 | O68: 0 | P68: 0 | Q68: 0 | R68: 0 | S68: 0 | T68: 0 | U68: 0 | V68: 0 | W68: 0 | X68: 0 | Y68: 0 | Z68: 0 | AA68: 0 | AB68: 0 | AC68: 0 | AD68: 0 | AE68: 0 | AF68: 0 | AG68: 0 | AH68: 0 | AI68: 0 | AJ68: 0 | AK68: 0 | AL68: 0 | AM68: 0 | AN68: 0 | AO68: 0 | AP68: 0 | AQ68: 0 | AR68: 0 | AS68: 0 | AT68: 0 | AU68: 0 | AV68: 0 | AW68: 0 | AX68: 0 | AY68: 0 | AZ68: 0 | BA68: 0 | BB68: 0 | BC68: 0 | BD68: 0 | BE68: 0 | BF68: 0 | BG68: 0 | BH68: 0 | BI68: 0 | BJ68: 0 | BK68: 0 | BL68: 0 | BM68: 0 | BN68: 0 | BO68: 0 | BP68: 0 | BQ68: 0 | BR68: 0 | BS68: 0 | BT68: 0 | BU68: 0 | BV68: 0 | BW68: 0 | BX68: 0 | BY68: 0 | BZ68: 0 | CA68: 0 | CB68: 0 | CC68: 0 | CD68: 0 | CE68: 0 | CF68: 0 | CG68: 0 | CH68: 0 | CI68: 0 | CJ68: 0 | CK68: 0 | CL68: 0 | CM68: 0 | CN68: 0 | CO68: 0 | CP68: 0 | CQ68: 0 | CR68: 0 | CS68: 0 | CT68: 0 | CU68: 0 | CV68: 0 | CW68: 0 | CX68: 0 | CY68: 0 | CZ68: 0 | DA68: 0 | DB68: 0 | DC68: 0 | DD68: 0 | DE68: 0 | DF68: 0 | DG68: 0 | DH68: 0 | DI68: 0 | DJ68: 0 | DK68: 0 | DL68: 0
A69: COST EMPRESA | D69: =D46+D64 -> 2775.15 | E69: =E46+E64 -> 4419.7 | F69: =F46+F64 -> 2178.87 | G69: =G46+G64 -> 2778.08 | H69: =H46+H64 -> 2848.31 | I69: =I46+I64 -> 1734.48 | J69: =J46+J64 -> 4073.74 | K69: =K46+K64 -> 2553.05 | ... DL69: =DL46+DL64 -> 357.76
A70: BASE CONTINGENCIES COMUNS | D70: 2100 | E70: 3303.2 | F70: 2038.04 | G70: 2076.29 | H70: 2128.78 | I70: 1312.5 | J70: 2965.96 | K70: 2174.54 | L70: 2949.72 | M70: 1757.27 | N70: 2080.06 | O70: 3659.6 | P70: 3500 | Q70: 1885.07 | R70: 5101.2 | S70: 3369.56 | T70: 712.5 | U70: 2738.77 | V70: 2368.33 | W70: 1873.35 | X70: 2015.29 | Y70: 2283.34 | Z70: 1800 | AA70: 3140 | AB70: 2413.06 | AC70: 2316.07 | AD70: 1758.17 | AE70: 2542.77 | AF70: 0 | AG70: 0 | AH70: 2062.74 | AI70: 1801.03 | AJ70: 2691.71 | AK70: 3625 | AL70: 1880.7 | AM70: 5101.2 | AN70: 2163.66 | AO70: 3463.32 | AP70: 2650 | AQ70: 3550 | AR70: 1845.89 | AS70: 2916.66 | AT70: 2200 | AU70: 2099.7 | AV70: 5000 | AW70: 2300 | AX70: 1802 | AY70: 2124.29 | AZ70: 2271.6 | BA70: 3111.86 | BB70: 2508.6 | BC70: 1759.95 | BD70: 1171.91 | BE70: 3789.11 | BF70: 2104.5 | BG70: 2245.78 | BH70: 2466.67 | BI70: 1455.94 | BJ70: 2741.82 | BK70: 2666.66 | BL70: 2936.1 | BM70: 3333.33 | BN70: 1482.38 | BO70: 1455.94 | BP70: 2190.42 | BQ70: 1749.34 | BR70: 2333.33 | BS70: 2636.67 | BT70: 5101.2 | BU70: 1738.24 | BV70: 1840.5 | BW70: 2071.95 | BX70: 2098.58 | BY70: 1700.84 | BZ70: 1828.39 | CA70: 2500 | CB70: 4333.34 | CC70: 3419.99 | CD70: 1744.3 | CE70: 1700.84 | CF70: 2250 | CG70: 1800.18 | CH70: 3750 | CI70: 2166.66 | CJ70: 2379.69 | CK70: 1566.99 | CL70: 1765.34 | CM70: 1562.52 | CN70: 2234.77 | CO70: 1562.4 | CP70: 1562.52 | CQ70: 1381.2 | CR70: 1456.01 | CS70: 1595.49 | CT70: 2107.32 | CU70: 1787.38 | CV70: 1458.35 | CW70: 1981.62 | CX70: 1381.2 | CY70: 1572.55 | CZ70: 1108.92 | DA70: 1791.79 | DB70: 1656.39 | DC70: 1833.33 | DD70: 5101.2 | DE70: 1360.16 | DF70: 1013.61 | DG70: 1246.87 | DH70: 1041.91 | DI70: 931.84 | DJ70: 931.84 | DK70: 720.46 | DL70: 267.38
A71: BASE ACCIDENTS | D71: 2100 | E71: 3303.2 | F71: 2038.04 | G71: 2076.29 | H71: 2128.78 | I71: 1312.5 | J71: 2965.96 | K71: 2174.54 | L71: 2949.72 | M71: 1757.27 | N71: 2080.06 | O71: 3659.6 | P71: 3500 | Q71: 1885.07 | R71: 5101.2 | S71: 3369.56 | T71: 712.5 | U71: 2738.77 | V71: 2368.33 | W71: 1873.35 | X71: 2015.29 | Y71: 2283.34 | Z71: 1800 | AA71: 3140 | AB71: 2413.06 | AC71: 2316.07 | AD71: 1758.17 | AE71: 2542.77 | AF71: 0 | AG71: 0 | AH71: 2062.74 | AI71: 1801.03 | AJ71: 2691.71 | AK71: 3625 | AL71: 1880.7 | AM71: 5101.2 | AN71: 2163.66 | AO71: 3463.32 | AP71: 2650 | AQ71: 3550 | AR71: 1845.89 | AS71: 2916.66 | AT71: 2200 | AU71: 2099.7 | AV71: 5000 | AW71: 2300 | AX71: 1802 | AY71: 2124.29 | AZ71: 2271.6 | BA71: 3111.86 | BB71: 2508.6 | BC71: 1759.95 | BD71: 1171.91 | BE71: 3789.11 | BF71: 2104.5 | BG71: 2245.78 | BH71: 2466.67 | BI71: 1455.94 | BJ71: 2741.82 | BK71: 2666.66 | BL71: 2936.1 | BM71: 3333.33 | BN71: 1482.38 | BO71: 1455.94 | BP71: 2190.42 | BQ71: 1749.34 | BR71: 2333.33 | BS71: 2636.67 | BT71: 5101.2 | BU71: 1738.24 | BV71: 1840.5 | BW71: 2071.95 | BX71: 2098.58 | BY71: 1700.84 | BZ71: 1828.39 | CA71: 2500 | CB71: 4333.34 | CC71: 3419.99 | CD71: 1744.3 | CE71: 1700.84 | CF71: 2250 | CG71: 1800.18 | CH71: 3750 | CI71: 2166.66 | CJ71: 2379.69 | CK71: 1566.99 | CL71: 1765.34 | CM71: 1562.52 | CN71: 2234.77 | CO71: 1562.4 | CP71: 1562.52 | CQ71: 1381.2 | CR71: 1456.01 | CS71: 1595.49 | CT71: 2107.32 | CU71: 1787.38 | CV71: 1458.35 | CW71: 1981.62 | CX71: 1381.2 | CY71: 1572.55 | CZ71: 1108.92 | DA71: 1791.79 | DB71: 1656.39 | DC71: 1833.33 | DD71: 5101.2 | DE71: 1360.16 | DF71: 1013.61 | DG71: 1246.87 | DH71: 1041.91 | DI71: 931.84 | DJ71: 931.84 | DK71: 720.46 | DL71: 267.38
A72: BASE I.R.P.F. DINERARIA | D72: 2099.23 | E72: 3302.43 | F72: 1999.24 | G72: 2075.52 | H72: 2128.01 | I72: 1311.73 | J72: 2965.19 | K72: 1901.94 | L72: 2948.95 | M72: 1493 | N72: 2079.29 | O72: 3658.83 | P72: 3499.23 | Q72: 1884.3 | R72: 5597.96 | S72: 3368.79 | T72: 711.73 | U72: 2738 | V72: 2367.56 | W72: 1872.58 | X72: 2014.52 | Y72: 2282.57 | Z72: 1799.23 | AA72: 3139.23 | AB72: 1768.58 | AC72: 1976.12 | AD72: 1757.4 | AE72: 2542 | AF72: 3268.9 | AG72: 5215.51 | AH72: 2061.97 | AI72: 1800.26 | AJ72: 2690.94 | AK72: 3504.89 | AL72: 0 | AM72: 5582.57 | AN72: 2162.89 | AO72: 3462.55 | AP72: 2649.23 | AQ72: 3549.23 | AR72: 1224.44 | AS72: 2915.89 | AT72: 2199.23 | AU72: 2098.93 | AV72: 4999.23 | AW72: 2299.23 | AX72: 1800.17 | AY72: 2123.52 | AZ72: 2270.83 | BA72: 3111.09 | BB72: 1756.16 | BC72: 1759.18 | BD72: 1171.14 | BE72: 3788.34 | BF72: 0 | BG72: 2245.01 | BH72: 2465.9 | BI72: 1455.17 | BJ72: 2741.05 | BK72: 2665.89 | BL72: 2935.33 | BM72: 3332.56 | BN72: 1481.61 | BO72: 1455.17 | BP72: 2134.97 | BQ72: 1748.57 | BR72: 2332.56 | BS72: 2635.9 | BT72: 5415.9 | BU72: 1737.47 | BV72: 1212.09 | BW72: 2071.18 | BX72: 2097.81 | BY72: 1700.07 | BZ72: 1827.62 | CA72: 2425.54 | CB72: 4332.57 | CC72: 3419.22 | CD72: 1743.53 | CE72: 1700.07 | CF72: 2249.23 | CG72: 1799.41 | CH72: 3749.23 | CI72: 2165.89 | CJ72: 2378.92 | CK72: 1566.22 | CL72: 1764.57 | CM72: 1561.75 | CN72: 2234 | CO72: 1394.67 | CP72: 1561.75 | CQ72: 649.43 | CR72: 1455.24 | CS72: 1594.72 | CT72: 1903.2 | CU72: 1786.61 | CV72: 1457.58 | CW72: 1980.85 | CX72: 514.4 | CY72: 1571.78 | CZ72: 1108.15 | DA72: 1791.02 | DB72: 1655.62 | DC72: 1832.56 | DD72: 5415.89 | DE72: 1246.1 | DF72: 1012.84 | DG72: 1246.1 | DH72: 1041.14 | DI72: 921.6 | DJ72: 921.6 | DK72: 719.69 | DL72: 266.61
A73: BASE I.R.P.F. ESPECIES | D73: 0 | E73: 0 | F73: 0 | G73: 0 | H73: 0 | I73: 0 | J73: 0 | K73: 0 | L73: 0 | M73: 0 | N73: 0 | O73: 0 | P73: 0 | Q73: 0 | R73: 0 | S73: 0 | T73: 0 | U73: 0 | V73: 0 | W73: 0 | X73: 0 | Y73: 0 | Z73: 0 | AA73: 0 | AB73: 0 | AC73: 0 | AD73: 0 | AE73: 0 | AF73: 0 | AG73: 579.58 | AH73: 0 | AI73: 0 | AJ73: 0 | AK73: 0 | AL73: 0 | AM73: 0 | AN73: 0 | AO73: 0 | AP73: 0 | AQ73: 0 | AR73: 0 | AS73: 0 | AT73: 0 | AU73: 0 | AV73: 0 | AW73: 0 | AX73: 0 | AY73: 0 | AZ73: 0 | BA73: 0 | BB73: 0 | BC73: 0 | BD73: 0 | BE73: 0 | BF73: 0 | BG73: 0 | BH73: 0 | BI73: 0 | BJ73: 0 | BK73: 0 | BL73: 0 | BM73: 0 | BN73: 0 | BO73: 0 | BP73: 0 | BQ73: 0 | BR73: 0 | BS73: 0 | BT73: 0 | BU73: 0 | BV73: 0 | BW73: 0 | BX73: 0 | BY73: 0 | BZ73: 0 | CA73: 0 | CB73: 0 | CC73: 0 | CD73: 0 | CE73: 0 | CF73: 0 | CG73: 0 | CH73: 0 | CI73: 0 | CJ73: 0 | CK73: 0 | CL73: 0 | CM73: 0 | CN73: 0 | CO73: 0 | CP73: 0 | CQ73: 0 | CR73: 0 | CS73: 0 | CT73: 0 | CU73: 0 | CV73: 0 | CW73: 0 | CX73: 0 | CY73: 0 | CZ73: 0 | DA73: 0 | DB73: 0 | DC73: 0 | DD73: 0 | DE73: 0 | DF73: 0 | DG73: 0 | DH73: 0 | DI73: 0 | DJ73: 0 | DK73: 0 | DL73: 0
A74: BASE I.R.P.F. IRREGULAR | D74: 0 | E74: 0 | F74: 0 | G74: 0 | H74: 0 | I74: 0 | J74: 0 | K74: 0 | L74: 0 | M74: 0 | N74: 0 | O74: 0 | P74: 0 | Q74: 0 | R74: 0 | S74: 0 | T74: 0 | U74: 0 | V74: 0 | W74: 0 | X74: 0 | Y74: 0 | Z74: 0 | AA74: 0 | AB74: 0 | AC74: 0 | AD74: 0 | AE74: 0 | AF74: 0 | AG74: 0 | AH74: 0 | AI74: 0 | AJ74: 0 | AK74: 0 | AL74: 0 | AM74: 0 | AN74: 0 | AO74: 0 | AP74: 0 | AQ74: 0 | AR74: 0 | AS74: 0 | AT74: 0 | AU74: 0 | AV74: 0 | AW74: 0 | AX74: 0 | AY74: 0 | AZ74: 0 | BA74: 0 | BB74: 0 | BC74: 0 | BD74: 0 | BE74: 0 | BF74: 0 | BG74: 0 | BH74: 0 | BI74: 0 | BJ74: 0 | BK74: 0 | BL74: 0 | BM74: 0 | BN74: 0 | BO74: 0 | BP74: 0 | BQ74: 0 | BR74: 0 | BS74: 0 | BT74: 0 | BU74: 0 | BV74: 0 | BW74: 0 | BX74: 0 | BY74: 0 | BZ74: 0 | CA74: 0 | CB74: 0 | CC74: 0 | CD74: 0 | CE74: 0 | CF74: 0 | CG74: 0 | CH74: 0 | CI74: 0 | CJ74: 0 | CK74: 0 | CL74: 0 | CM74: 0 | CN74: 0 | CO74: 0 | CP74: 0 | CQ74: 0 | CR74: 0 | CS74: 0 | CT74: 0 | CU74: 0 | CV74: 0 | CW74: 0 | CX74: 0 | CY74: 0 | CZ74: 0 | DA74: 0 | DB74: 0 | DC74: 0 | DD74: 0 | DE74: 0 | DF74: 0 | DG74: 0 | DH74: 0 | DI74: 0 | DJ74: 0 | DK74: 0 | DL74: 0
A75: HORES EXTRES NORMALS | D75: 0 | E75: 0 | F75: 0 | G75: 0 | H75: 0 | I75: 0 | J75: 0 | K75: 0 | L75: 0 | M75: 0 | N75: 0 | O75: 0 | P75: 0 | Q75: 0 | R75: 0 | S75: 0 | T75: 0 | U75: 0 | V75: 0 | W75: 0 | X75: 0 | Y75: 0 | Z75: 0 | AA75: 0 | AB75: 0 | AC75: 0 | AD75: 0 | AE75: 0 | AF75: 0 | AG75: 0 | AH75: 0 | AI75: 0 | AJ75: 0 | AK75: 0 | AL75: 0 | AM75: 0 | AN75: 0 | AO75: 0 | AP75: 0 | AQ75: 0 | AR75: 0 | AS75: 0 | AT75: 0 | AU75: 0 | AV75: 0 | AW75: 0 | AX75: 0 | AY75: 0 | AZ75: 0 | BA75: 0 | BB75: 0 | BC75: 0 | BD75: 0 | BE75: 0 | BF75: 0 | BG75: 0 | BH75: 0 | BI75: 0 | BJ75: 0 | BK75: 0 | BL75: 0 | BM75: 0 | BN75: 0 | BO75: 0 | BP75: 0 | BQ75: 0 | BR75: 0 | BS75: 0 | BT75: 0 | BU75: 0 | BV75: 0 | BW75: 0 | BX75: 0 | BY75: 0 | BZ75: 0 | CA75: 0 | CB75: 0 | CC75: 0 | CD75: 0 | CE75: 0 | CF75: 0 | CG75: 0 | CH75: 0 | CI75: 0 | CJ75: 0 | CK75: 0 | CL75: 0 | CM75: 0 | CN75: 0 | CO75: 0 | CP75: 0 | CQ75: 0 | CR75: 0 | CS75: 0 | CT75: 0 | CU75: 0 | CV75: 0 | CW75: 0 | CX75: 0 | CY75: 0 | CZ75: 0 | DA75: 0 | DB75: 0 | DC75: 0 | DD75: 0 | DE75: 0 | DF75: 0 | DG75: 0 | DH75: 0 | DI75: 0 | DJ75: 0 | DK75: 0 | DL75: 0
A76: HORES EXTRES ESTRUCTURALS | D76: 0 | E76: 0 | F76: 0 | G76: 0 | H76: 0 | I76: 0 | J76: 0 | K76: 0 | L76: 0 | M76: 0 | N76: 0 | O76: 0 | P76: 0 | Q76: 0 | R76: 0 | S76: 0 | T76: 0 | U76: 0 | V76: 0 | W76: 0 | X76: 0 | Y76: 0 | Z76: 0 | AA76: 0 | AB76: 0 | AC76: 0 | AD76: 0 | AE76: 0 | AF76: 0 | AG76: 0 | AH76: 0 | AI76: 0 | AJ76: 0 | AK76: 0 | AL76: 0 | AM76: 0 | AN76: 0 | AO76: 0 | AP76: 0 | AQ76: 0 | AR76: 0 | AS76: 0 | AT76: 0 | AU76: 0 | AV76: 0 | AW76: 0 | AX76: 0 | AY76: 0 | AZ76: 0 | BA76: 0 | BB76: 0 | BC76: 0 | BD76: 0 | BE76: 0 | BF76: 0 | BG76: 0 | BH76: 0 | BI76: 0 | BJ76: 0 | BK76: 0 | BL76: 0 | BM76: 0 | BN76: 0 | BO76: 0 | BP76: 0 | BQ76: 0 | BR76: 0 | BS76: 0 | BT76: 0 | BU76: 0 | BV76: 0 | BW76: 0 | BX76: 0 | BY76: 0 | BZ76: 0 | CA76: 0 | CB76: 0 | CC76: 0 | CD76: 0 | CE76: 0 | CF76: 0 | CG76: 0 | CH76: 0 | CI76: 0 | CJ76: 0 | CK76: 0 | CL76: 0 | CM76: 0 | CN76: 0 | CO76: 0 | CP76: 0 | CQ76: 0 | CR76: 0 | CS76: 0 | CT76: 0 | CU76: 0 | CV76: 0 | CW76: 0 | CX76: 0 | CY76: 0 | CZ76: 0 | DA76: 0 | DB76: 0 | DC76: 0 | DD76: 0 | DE76: 0 | DF76: 0 | DG76: 0 | DH76: 0 | DI76: 0 | DJ76: 0 | DK76: 0 | DL76: 0
A77: HORES PRESENCIA | D77: 160 | E77: 160 | F77: 8 | G77: 160 | H77: 160 | I77: 80 | J77: 160 | K77: 64 | L77: 160 | M77: 136 | N77: 160 | O77: 160 | P77: 160 | Q77: 160 | R77: 160 | S77: 160 | T77: 48 | U77: 160 | V77: 160 | W77: 160 | X77: 160 | Y77: 160 | Z77: 160 | AA77: 160 | AB77: 120 | AC77: 128 | AD77: 160 | AE77: 160 | AF77: 160 | AG77: 160 | AH77: 160 | AI77: 160 | AJ77: 160 | AK77: 8 | AL77: 0 | AM77: 160 | AN77: 160 | AO77: 160 | AP77: 160 | AQ77: 160 | AR77: 120 | AS77: 160 | AT77: 160 | AU77: 160 | AV77: 160 | AW77: 160 | AX77: 144 | AY77: 160 | AZ77: 160 | BA77: 160 | BB77: 0 | BC77: 160 | BD77: 120 | BE77: 160 | BF77: 0 | BG77: 160 | BH77: 160 | BI77: 160 | BJ77: 160 | BK77: 160 | BL77: 160 | BM77: 160 | BN77: 160 | BO77: 160 | BP77: 144 | BQ77: 160 | BR77: 160 | BS77: 160 | BT77: 160 | BU77: 160 | BV77: 120 | BW77: 160 | BX77: 160 | BY77: 160 | BZ77: 160 | CA77: 160 | CB77: 160 | CC77: 160 | CD77: 160 | CE77: 160 | CF77: 160 | CG77: 160 | CH77: 160 | CI77: 160 | CJ77: 160 | CK77: 160 | CL77: 160 | CM77: 160 | CN77: 160 | CO77: 0 | CP77: 160 | CQ77: 160 | CR77: 160 | CS77: 160 | CT77: 152 | CU77: 160 | CV77: 160 | CW77: 160 | CX77: 160 | CY77: 160 | CZ77: 120 | DA77: 160 | DB77: 160 | DC77: 160 | DD77: 160 | DE77: 128 | DF77: 112 | DG77: 120 | DH77: 120 | DI77: 112 | DJ77: 112 | DK77: 72 | DL77: 16
A78: DIES DESOCUPACIO PARCIAL | D78: 0 | E78: 0 | F78: 0 | G78: 0 | H78: 0 | I78: 0 | J78: 0 | K78: 0 | L78: 0 | M78: 0 | N78: 0 | O78: 0 | P78: 0 | Q78: 0 | R78: 0 | S78: 0 | T78: 0 | U78: 0 | V78: 0 | W78: 0 | X78: 0 | Y78: 0 | Z78: 0 | AA78: 0 | AB78: 0 | AC78: 0 | AD78: 0 | AE78: 0 | AF78: 0 | AG78: 0 | AH78: 0 | AI78: 0 | AJ78: 0 | AK78: 0 | AL78: 0 | AM78: 0 | AN78: 0 | AO78: 0 | AP78: 0 | AQ78: 0 | AR78: 0 | AS78: 0 | AT78: 0 | AU78: 0 | AV78: 0 | AW78: 0 | AX78: 0 | AY78: 0 | AZ78: 0 | BA78: 0 | BB78: 0 | BC78: 0 | BD78: 0 | BE78: 0 | BF78: 0 | BG78: 0 | BH78: 0 | BI78: 0 | BJ78: 0 | BK78: 0 | BL78: 0 | BM78: 0 | BN78: 0 | BO78: 0 | BP78: 0 | BQ78: 0 | BR78: 0 | BS78: 0 | BT78: 0 | BU78: 0 | BV78: 0 | BW78: 0 | BX78: 0 | BY78: 0 | BZ78: 0 | CA78: 0 | CB78: 0 | CC78: 0 | CD78: 0 | CE78: 0 | CF78: 0 | CG78: 0 | CH78: 0 | CI78: 0 | CJ78: 0 | CK78: 0 | CL78: 0 | CM78: 0 | CN78: 0 | CO78: 0 | CP78: 0 | CQ78: 0 | CR78: 0 | CS78: 0 | CT78: 0 | CU78: 0 | CV78: 0 | CW78: 0 | CX78: 0 | CY78: 0 | CZ78: 0 | DA78: 0 | DB78: 0 | DC78: 0 | DD78: 0 | DE78: 0 | DF78: 0 | DG78: 0 | DH78: 0 | DI78: 0 | DJ78: 0 | DK78: 0 | DL78: 0
A79: IMPORT BONIFICACIO | D79: 0 | E79: 0 | F79: 0 | G79: 0 | H79: 0 | I79: 0 | J79: 0 | K79: 0 | L79: 0 | M79: 0 | N79: 0 | O79: 0 | P79: 0 | Q79: 0 | R79: 0 | S79: 0 | T79: 0 | U79: 0 | V79: 0 | W79: 0 | X79: 0 | Y79: 0 | Z79: 0 | AA79: 0 | AB79: 0 | AC79: 0 | AD79: 0 | AE79: 0 | AF79: 0 | AG79: 0 | AH79: 0 | AI79: 0 | AJ79: 0 | AK79: 0 | AL79: 0 | AM79: 0 | AN79: 0 | AO79: 0 | AP79: 0 | AQ79: 0 | AR79: 0 | AS79: 0 | AT79: 0 | AU79: 0 | AV79: 0 | AW79: 0 | AX79: 0 | AY79: 0 | AZ79: 0 | BA79: 0 | BB79: 0 | BC79: 0 | BD79: 0 | BE79: 0 | BF79: 0 | BG79: 0 | BH79: 0 | BI79: 0 | BJ79: 0 | BK79: 0 | BL79: 0 | BM79: 0 | BN79: 0 | BO79: 0 | BP79: 0 | BQ79: 0 | BR79: 0 | BS79: 0 | BT79: 0 | BU79: 0 | BV79: 0 | BW79: 0 | BX79: 0 | BY79: 0 | BZ79: 0 | CA79: 0 | CB79: 0 | CC79: 0 | CD79: 0 | CE79: 0 | CF79: 0 | CG79: 0 | CH79: 0 | CI79: 0 | CJ79: 0 | CK79: 0 | CL79: 0 | CM79: 0 | CN79: 0 | CO79: 0 | CP79: 0 | CQ79: 63.77 | CR79: 375 | CS79: 0 | CT79: 0 | CU79: 0 | CV79: 0 | CW79: 0 | CX79: 63.77 | CY79: 0 | CZ79: 0 | DA79: 0 | DB79: 0 | DC79: 0 | DD79: 0 | DE79: 0 | DF79: 0 | DG79: 0 | DH79: 0 | DI79: 0 | DJ79: 0 | DK79: 0 | DL79: 0
A80: DIES COTITZATS | D80: 30 | E80: 30 | F80: 30 | G80: 30 | H80: 30 | I80: 30 | J80: 30 | K80: 30 | L80: 30 | M80: 30 | N80: 30 | O80: 30 | P80: 30 | Q80: 30 | R80: 30 | S80: 30 | T80: 30 | U80: 30 | V80: 30 | W80: 30 | X80: 30 | Y80: 30 | Z80: 30 | AA80: 30 | AB80: 30 | AC80: 30 | AD80: 30 | AE80: 30 | AF80: 30 | AG80: 30 | AH80: 30 | AI80: 30 | AJ80: 30 | AK80: 26 | AL80: 30 | AM80: 30 | AN80: 30 | AO80: 30 | AP80: 30 | AQ80: 30 | AR80: 30 | AS80: 30 | AT80: 30 | AU80: 30 | AV80: 30 | AW80: 30 | AX80: 30 | AY80: 30 | AZ80: 30 | BA80: 30 | BB80: 30 | BC80: 30 | BD80: 30 | BE80: 30 | BF80: 30 | BG80: 30 | BH80: 30 | BI80: 30 | BJ80: 30 | BK80: 30 | BL80: 30 | BM80: 30 | BN80: 30 | BO80: 30 | BP80: 30 | BQ80: 30 | BR80: 30 | BS80: 30 | BT80: 30 | BU80: 30 | BV80: 30 | BW80: 30 | BX80: 30 | BY80: 30 | BZ80: 30 | CA80: 30 | CB80: 30 | CC80: 30 | CD80: 30 | CE80: 30 | CF80: 30 | CG80: 30 | CH80: 30 | CI80: 30 | CJ80: 30 | CK80: 30 | CL80: 30 | CM80: 30 | CN80: 30 | CO80: 30 | CP80: 30 | CQ80: 30 | CR80: 30 | CS80: 30 | CT80: 30 | CU80: 30 | CV80: 30 | CW80: 30 | CX80: 30 | CY80: 30 | CZ80: 30 | DA80: 30 | DB80: 30 | DC80: 30 | DD80: 30 | DE80: 24 | DF80: 19 | DG80: 22 | DH80: 20 | DI80: 19 | DJ80: 19 | DK80: 12 | DL80: 3

Sheet 2
A2: Moneda: Euro
A3: PAGAMENT MENSUAL + LIQUIDACIÓ
A4: DEL 01/02/26 AL 28/02/26 | D4: TOTAL
A5: Empresa: 350-PEIXOS PUIGNAU S.A. NIF: A17216359 | D5: PEIXOS PUIGNAU S.A.
A9: CONCEPTE
B11: 1 | C11: SALARI BASE | D11: =SUM('1'!$D$11:$DM$11) -> 114848.27
B12: 13 | C12: OBERTURA NOVA BOTIGA | D12: =SUM('1'!$D$12:$DM$12) -> 80
B13: 74 | C13: PRESENCIA I IMATGE | D13: =SUM('1'!$D$13:$DM$13) -> 3382.01
B14: 75 | C14: PLUS PERILLOSITAT | D14: =SUM('1'!$D$14:$DM$14) -> 1658.95
B15: 84 | C15: PLUS UTILITZ I MANT.MÀQU | D15: =SUM('1'!$D$15:$DM$15) -> 108.37
B16: 85 | C16: PLUS RESPONSABILITAT | D16: =SUM('1'!$D$16:$DM$16) -> 3588.83
B17: 93 | C17: PLUS DISPONIBILITAT | D17: =SUM('1'!$D$17:$DM$17) -> 993.54
B18: 113 | C18: REGULARITZACIO | D18: =SUM('1'!$D$18:$DM$18) -> 1638.83
B19: 123 | C19: ACCIDENT CONVENI | D19: =SUM('1'!$D$19:$DM$19) -> 152.51
B20: 131 | C20: MILLORA SALARIAL ABSORBI | D20: =SUM('1'!$D$20:$DM$20) -> 15177.56
B21: 152 | C21: VEHICLE | D21: =SUM('1'!$D$21:$DM$21) -> 579.58
B22: 171 | C22: MILLORA VOLUNTARIA ABSOR | D22: =SUM('1'!$D$22:$DM$22) -> 946.44
B23: 173 | C23: PP PAGA ESTIU | D23: =SUM('1'!$D$23:$DM$23) -> 9473.42
B24: 174 | C24: PP PAGA NADAL | D24: =SUM('1'!$D$24:$DM$24) -> 9473.42
B25: 175 | C25: PP PAGA BENEFICIS | D25: =SUM('1'!$D$25:$DM$25) -> 9473.42
B26: 187 | C26: PLUS NOCTURNITAT | D26: =SUM('1'!$D$26:$DM$26) -> 5684.37
B27: 197 | C27: A CTE CONVENI | D27: =SUM('1'!$D$27:$DM$27) -> 31323.9
B28: 199 | C28: PART PROPORCIONAL VACANC | D28: =SUM('1'!$D$28:$DM$28) -> 1566.07
B29: 229 | C29: COMP NO COMPETENCIA | D29: =SUM('1'!$D$29:$DM$29) -> 1250
B30: 262 | C30: OBJECTIU VARIABLE | D30: =SUM('1'!$D$30:$DM$30) -> 500
B31: 287 | C31: PAGA FIDELITAT | D31: =SUM('1'!$D$31:$DM$31) -> 7242.65
B32: 306 | C32: PLUS DISPONIBILI | D32: =SUM('1'!$D$32:$DM$32) -> 81.3
B33: 328 | C33: PLUS PRODUCTIV. | D33: =SUM('1'!$D$33:$DM$33) -> 3378.38
B34: 329 | C34: PLUS PRODUCTIV.2 | D34: =SUM('1'!$D$34:$DM$34) -> 2407
B35: 332 | C35: PLUS SAL VOLUNTARI | D35: =SUM('1'!$D$35:$DM$35) -> 2966.48
B36: 365 | C36: COMISSIONS | D36: =SUM('1'!$D$36:$DM$36) -> 11311.33
B37: 397 | C37: PLUS DISTANCIA | D37: =SUM('1'!$D$37:$DM$37) -> 3287.32
B38: 450 | C38: PREST.MALALTIA CARGO EMP | D38: =SUM('1'!$D$38:$DM$38) -> 1499.39
B39: 451 | C39: MALALTIA | D39: =SUM('1'!$D$39:$DM$39) -> 1024.35
B40: 452 | C40: ACCIDENTE | D40: =SUM('1'!$D$40:$DM$40) -> 3520.86
B41: 455 | C41: COMPLEMENT I.T. | D41: =SUM('1'!$D$41:$DM$41) -> 2694.15
B42: 614 | C42: KM EXEMPT | D42: =SUM('1'!$D$42:$DM$42) -> 184.41
B43: 634 | C43: REGULARITZACIO | D43: =SUM('1'!$D$43:$DM$43) -> 25
B44: 988 | C44: IMP.INGR. A CTA. ESP. CG | D44: =SUM('1'!$D$44:$DM$44) -> 125.94
A46: TOTAL BRUT | D46: =SUM('1'!$D$46:$DM$46) -> 251648.05
B48: 703 | C48: EMBARGO SALARIAL | D48: =SUM('1'!$D$48:$DM$48) -> 565.87
B49: 704 | C49: DESCOMPTE PRESTEC 1 | D49: =SUM('1'!$D$49:$DM$49) -> 762.45
B50: 724 | C50: BESTRETA | D50: =SUM('1'!$D$50:$DM$50) -> 2075
B51: 725 | C51: Bestreta peix | D51: =SUM('1'!$D$51:$DM$51) -> 1068.61
B52: 730 | C52: DIFERENCIES NOMINA MES A | D52: =SUM('1'!$D$52:$DM$52) -> 7.33
B53: 789 | C53: DCTO.CONCEPTES EN ESPECI | D53: =SUM('1'!$D$53:$DM$53) -> 732.09
B54: 989 | C54: IMP.INGR.A CTA.VALORES E | D54: =SUM('1'!$D$54:$DM$54) -> 125.94
B55: 995 | C55: COTITZACIO CONT.COMUNS | D55: =SUM('1'!$D$55:$DM$55) -> 11701.94
B56: 996 | C56: COTITZACIO FORMACIO PROF | D56: =SUM('1'!$D$56:$DM$56) -> 264.92
B57: 997 | C57: COTITZACIO ATUR | D57: =SUM('1'!$D$57:$DM$57) -> 3705.78
B58: 999 | C58: TRIBUTACIO I.R.P.F. | D58: =SUM('1'!$D$58:$DM$58) -> 38572.18
A60: TOTAL DEDUCCIONS | D60: =SUM('1'!$D$60:$DM$60) -> 59582.11
A62: TOTAL LIQUID | D62: =SUM('1'!$D$62:$DM$62) -> 192065.94
A63: PRORRATEIG PAGUES EXTRES | D63: =SUM('1'!$D$63:$DM$63) -> 0
A64: SEGURETAT SOCIAL EMPRESA | D64: =SUM('1'!$D$64:$DM$64) -> 78339.79
A65: SEGURETAT SOC. TREBALLADOR | D65: =SUM('1'!$D$65:$DM$65) -> 15672.64
A66: SEGURETAT SOC. TOTAL | D66: =SUM('1'!$D$66:$DM$66) -> 94012.43
A67: COST COLAB. VOLUNTARIA | D67: =SUM('1'!$D$67:$DM$67) -> 0
A68: APORTAC. SERVEIS COMUNS | D68: =SUM('1'!$D$68:$DM$68) -> 0
A69: COST EMPRESA | D69: =SUM('1'!$D$69:$DM$69) -> 329987.84
A70: BASE CONTINGENCIES COMUNS | D70: =SUM('1'!$D$70:$DM$70) -> 250459.31
A71: BASE ACCIDENTS | D71: =SUM('1'!$D$71:$DM$71) -> 250459.31
A72: BASE I.R.P.F. DINERARIA | D72: =SUM('1'!$D$72:$DM$72) -> 250580.61
A73: BASE I.R.P.F. ESPECIES | D73: =SUM('1'!$D$73:$DM$73) -> 579.58
A74: BASE I.R.P.F. IRREGULAR | D74: =SUM('1'!$D$74:$DM$74) -> 0
A75: HORES EXTRES NORMALS | D75: =SUM('1'!$D$75:$DM$75) -> 0
A76: HORES EXTRES ESTRUCTURALS | D76: =SUM('1'!$D$76:$DM$76) -> 0
A77: HORES PRESENCIA | D77: =SUM('1'!$D$77:$DM$77) -> 16064
A78: DIES DESOCUPACIO PARCIAL | D78: =SUM('1'!$D$78:$DM$78) -> 0
A79: IMPORT BONIFICACIO | D79: =SUM('1'!$D$79:$DM$79) -> 502.54
A80: DIES COTITZATS | D80: =SUM('1'!$D$80:$DM$80) -> 3284
A81: TOTAL TREBALLADORS | D81: 113
